<?xml version='1.0' encoding='UTF-8' standalone='no'?>
<section xmlns="http://docbook.org/ns/docbook" version="5.0" xmlns:xlink="http://www.w3.org/1999/xlink" xml:id="__common_dtos_8cs_source" xml:lang="en-US">
<title>CommonDtos.cs</title>
<indexterm><primary>Guber.CoordinatesApi/Models/CommonDtos.cs</primary></indexterm>
Go to the documentation of this file.<programlisting linenumbering="unnumbered"><anchor xml:id="__common_dtos_8cs_source_1l00001"/><link linkend="_namespace_guber_1_1_coordinates_api_1_1_models">00001</link> <emphasis role="keyword">namespace&#32;</emphasis><link linkend="_namespace_guber_1_1_coordinates_api_1_1_models">Guber.CoordinatesApi.Models</link>;
<anchor xml:id="__common_dtos_8cs_source_1l00002"/>00002 
<anchor xml:id="__common_dtos_8cs_source_1l00003"/><link linkend="_namespace_guber_1_1_coordinates_api_1_1_models_1a87cc27209abf928eb7158399d4769aaf">00003</link> <emphasis role="keyword">public</emphasis>&#32;record&#32;<link linkend="_namespace_guber_1_1_coordinates_api_1_1_models_1a87cc27209abf928eb7158399d4769aaf">GeocodeResult</link>(<emphasis role="keywordtype">double</emphasis>&#32;Latitude,&#32;<emphasis role="keywordtype">double</emphasis>&#32;Longitude,&#32;<emphasis role="keywordtype">string</emphasis>&#32;DisplayName);
<anchor xml:id="__common_dtos_8cs_source_1l00004"/>00004 
<anchor xml:id="__common_dtos_8cs_source_1l00005"/><link linkend="_namespace_guber_1_1_coordinates_api_1_1_models_1a1857adb7d55a2a6ff25a5357f51d0a4b">00005</link> <emphasis role="keyword">public</emphasis>&#32;record&#32;<link linkend="_namespace_guber_1_1_coordinates_api_1_1_models_1a1857adb7d55a2a6ff25a5357f51d0a4b">RouteRequest</link>(
<anchor xml:id="__common_dtos_8cs_source_1l00006"/>00006 &#32;&#32;&#32;&#32;<emphasis role="keywordtype">double</emphasis>&#32;StartLat,&#32;<emphasis role="keywordtype">double</emphasis>&#32;StartLon,
<anchor xml:id="__common_dtos_8cs_source_1l00007"/>00007 &#32;&#32;&#32;&#32;<emphasis role="keywordtype">double</emphasis>&#32;EndLat,&#32;<emphasis role="keywordtype">double</emphasis>&#32;EndLon);
<anchor xml:id="__common_dtos_8cs_source_1l00008"/>00008 
<anchor xml:id="__common_dtos_8cs_source_1l00009"/><link linkend="_namespace_guber_1_1_coordinates_api_1_1_models_1ae640d449d327a90de571d0069ac416cc">00009</link> <emphasis role="keyword">public</emphasis>&#32;record&#32;<link linkend="_namespace_guber_1_1_coordinates_api_1_1_models_1ae640d449d327a90de571d0069ac416cc">RouteResponse</link>(
<anchor xml:id="__common_dtos_8cs_source_1l00010"/>00010 &#32;&#32;&#32;&#32;<emphasis role="keywordtype">double</emphasis>&#32;DistanceKm,
<anchor xml:id="__common_dtos_8cs_source_1l00011"/>00011 &#32;&#32;&#32;&#32;<emphasis role="keywordtype">double</emphasis>&#32;DurationMinutes,
<anchor xml:id="__common_dtos_8cs_source_1l00012"/>00012 &#32;&#32;&#32;&#32;<emphasis role="keywordtype">string</emphasis>&#32;Polyline&#32;<emphasis role="comment">//&#32;polyline6&#32;string&#32;suitable&#32;for&#32;map&#32;rendering</emphasis>
<anchor xml:id="__common_dtos_8cs_source_1l00013"/>00013 );
<anchor xml:id="__common_dtos_8cs_source_1l00014"/>00014 
<anchor xml:id="__common_dtos_8cs_source_1l00015"/><link linkend="_namespace_guber_1_1_coordinates_api_1_1_models_1a629a9f935efaed6851aa08ad1d61b79c">00015</link> <emphasis role="keyword">public</emphasis>&#32;record&#32;<link linkend="_namespace_guber_1_1_coordinates_api_1_1_models_1a629a9f935efaed6851aa08ad1d61b79c">FareRequest</link>(<emphasis role="keywordtype">double</emphasis>&#32;DistanceKm);
<anchor xml:id="__common_dtos_8cs_source_1l00016"/><link linkend="_namespace_guber_1_1_coordinates_api_1_1_models_1a749bec9ef0d05b2248050ceb52b983f7">00016</link> <emphasis role="keyword">public</emphasis>&#32;record&#32;<link linkend="_namespace_guber_1_1_coordinates_api_1_1_models_1a749bec9ef0d05b2248050ceb52b983f7">FareResponse</link>(<emphasis role="keywordtype">double</emphasis>&#32;BaseFare,&#32;<emphasis role="keywordtype">double</emphasis>&#32;PerKm,&#32;<emphasis role="keywordtype">double</emphasis>&#32;DistanceKm,&#32;<emphasis role="keywordtype">double</emphasis>&#32;TotalFare);
<anchor xml:id="__common_dtos_8cs_source_1l00017"/>00017 
<anchor xml:id="__common_dtos_8cs_source_1l00018"/><link linkend="_namespace_guber_1_1_coordinates_api_1_1_models_1a3dad1d195124851c6b137753700f09b1">00018</link> <emphasis role="keyword">public</emphasis>&#32;record&#32;<link linkend="_namespace_guber_1_1_coordinates_api_1_1_models_1a3dad1d195124851c6b137753700f09b1">LiveLocationUpdate</link>(<emphasis role="keywordtype">string</emphasis>&#32;EntityId,&#32;<emphasis role="keywordtype">double</emphasis>&#32;Lat,&#32;<emphasis role="keywordtype">double</emphasis>&#32;Lon,&#32;DateTimeOffset&#32;Timestamp);
<anchor xml:id="__common_dtos_8cs_source_1l00019"/>00019 
<anchor xml:id="__common_dtos_8cs_source_1l00020"/><link linkend="_namespace_guber_1_1_coordinates_api_1_1_models_1a7e75dcae12eb5d75a981e177a5e38e3b">00020</link> <emphasis role="keyword">public</emphasis>&#32;record&#32;<link linkend="_namespace_guber_1_1_coordinates_api_1_1_models_1a7e75dcae12eb5d75a981e177a5e38e3b">LastLocationResponse</link>(<emphasis role="keywordtype">string</emphasis>&#32;EntityId,&#32;<emphasis role="keywordtype">double</emphasis>&#32;Lat,&#32;<emphasis role="keywordtype">double</emphasis>&#32;Lon,&#32;DateTimeOffset&#32;Timestamp);
<anchor xml:id="__common_dtos_8cs_source_1l00021"/>00021 
<anchor xml:id="__common_dtos_8cs_source_1l00022"/><link linkend="_namespace_guber_1_1_coordinates_api_1_1_models_1a373d8383d699b36425e5ff1427191e84">00022</link> <emphasis role="keyword">public</emphasis>&#32;record&#32;<link linkend="_namespace_guber_1_1_coordinates_api_1_1_models_1a373d8383d699b36425e5ff1427191e84">EstimateRequest</link>(<emphasis role="keywordtype">string</emphasis>&#32;PickupAddress,&#32;<emphasis role="keywordtype">string</emphasis>&#32;DestinationAddress);
<anchor xml:id="__common_dtos_8cs_source_1l00023"/>00023 
<anchor xml:id="__common_dtos_8cs_source_1l00024"/><link linkend="_namespace_guber_1_1_coordinates_api_1_1_models_1a29c46bc321f7a18764888b8acd2bcf2e">00024</link> <emphasis role="keyword">public</emphasis>&#32;record&#32;<link linkend="_namespace_guber_1_1_coordinates_api_1_1_models_1a29c46bc321f7a18764888b8acd2bcf2e">EstimateResponse</link>(
<anchor xml:id="__common_dtos_8cs_source_1l00025"/>00025 &#32;&#32;&#32;&#32;<emphasis role="keywordtype">string</emphasis>&#32;PickupAddress,
<anchor xml:id="__common_dtos_8cs_source_1l00026"/>00026 &#32;&#32;&#32;&#32;<emphasis role="keywordtype">string</emphasis>&#32;DestinationAddress,
<anchor xml:id="__common_dtos_8cs_source_1l00027"/>00027 &#32;&#32;&#32;&#32;<emphasis role="keywordtype">double</emphasis>&#32;PickupLat,
<anchor xml:id="__common_dtos_8cs_source_1l00028"/>00028 &#32;&#32;&#32;&#32;<emphasis role="keywordtype">double</emphasis>&#32;PickupLon,
<anchor xml:id="__common_dtos_8cs_source_1l00029"/>00029 &#32;&#32;&#32;&#32;<emphasis role="keywordtype">double</emphasis>&#32;DestinationLat,
<anchor xml:id="__common_dtos_8cs_source_1l00030"/>00030 &#32;&#32;&#32;&#32;<emphasis role="keywordtype">double</emphasis>&#32;DestinationLon,
<anchor xml:id="__common_dtos_8cs_source_1l00031"/>00031 &#32;&#32;&#32;&#32;<emphasis role="keywordtype">double</emphasis>&#32;DistanceKm,
<anchor xml:id="__common_dtos_8cs_source_1l00032"/>00032 &#32;&#32;&#32;&#32;<emphasis role="keywordtype">double</emphasis>&#32;DurationMinutes,
<anchor xml:id="__common_dtos_8cs_source_1l00033"/>00033 &#32;&#32;&#32;&#32;<emphasis role="keywordtype">double</emphasis>&#32;Fare,
<anchor xml:id="__common_dtos_8cs_source_1l00034"/>00034 &#32;&#32;&#32;&#32;<emphasis role="keywordtype">string</emphasis>&#32;Polyline
<anchor xml:id="__common_dtos_8cs_source_1l00035"/>00035 );
</programlisting></section>
