<?xml version='1.0' encoding='UTF-8' standalone='no'?>
<section xmlns="http://docbook.org/ns/docbook" version="5.0" xmlns:xlink="http://www.w3.org/1999/xlink" xml:id="__common_dtos_8cs" xml:lang="en-US">
<title>Guber.CoordinatesApi/Models/CommonDtos.cs File Reference</title>
<indexterm><primary>Guber.CoordinatesApi/Models/CommonDtos.cs</primary></indexterm>
<simplesect>
    <title>Namespaces    </title>
        <itemizedlist>
            <listitem><para>namespace <link linkend="_namespace_guber">Guber</link></para>
</listitem>
            <listitem><para>namespace <link linkend="_namespace_guber_1_1_coordinates_api">Guber.CoordinatesApi</link></para>
</listitem>
            <listitem><para>namespace <link linkend="_namespace_guber_1_1_coordinates_api_1_1_models">Guber.CoordinatesApi.Models</link></para>
</listitem>
        </itemizedlist>
</simplesect>
<simplesect>
    <title>Functions    </title>
        <itemizedlist>
            <listitem><para>record <link linkend="_namespace_guber_1_1_coordinates_api_1_1_models_1a87cc27209abf928eb7158399d4769aaf">Guber.CoordinatesApi.Models.GeocodeResult</link> (double Latitude, double Longitude, string DisplayName)</para>
</listitem>
            <listitem><para>record <link linkend="_namespace_guber_1_1_coordinates_api_1_1_models_1a1857adb7d55a2a6ff25a5357f51d0a4b">Guber.CoordinatesApi.Models.RouteRequest</link> (double StartLat, double StartLon, double EndLat, double EndLon)</para>
</listitem>
            <listitem><para>record <link linkend="_namespace_guber_1_1_coordinates_api_1_1_models_1ae640d449d327a90de571d0069ac416cc">Guber.CoordinatesApi.Models.RouteResponse</link> (double DistanceKm, double DurationMinutes, string Polyline)</para>
</listitem>
            <listitem><para>record <link linkend="_namespace_guber_1_1_coordinates_api_1_1_models_1a629a9f935efaed6851aa08ad1d61b79c">Guber.CoordinatesApi.Models.FareRequest</link> (double DistanceKm)</para>
</listitem>
            <listitem><para>record <link linkend="_namespace_guber_1_1_coordinates_api_1_1_models_1a749bec9ef0d05b2248050ceb52b983f7">Guber.CoordinatesApi.Models.FareResponse</link> (double BaseFare, double PerKm, double DistanceKm, double TotalFare)</para>
</listitem>
            <listitem><para>record <link linkend="_namespace_guber_1_1_coordinates_api_1_1_models_1a3dad1d195124851c6b137753700f09b1">Guber.CoordinatesApi.Models.LiveLocationUpdate</link> (string EntityId, double Lat, double Lon, DateTimeOffset Timestamp)</para>
</listitem>
            <listitem><para>record <link linkend="_namespace_guber_1_1_coordinates_api_1_1_models_1a7e75dcae12eb5d75a981e177a5e38e3b">Guber.CoordinatesApi.Models.LastLocationResponse</link> (string EntityId, double Lat, double Lon, DateTimeOffset Timestamp)</para>
</listitem>
            <listitem><para>record <link linkend="_namespace_guber_1_1_coordinates_api_1_1_models_1a373d8383d699b36425e5ff1427191e84">Guber.CoordinatesApi.Models.EstimateRequest</link> (string PickupAddress, string DestinationAddress)</para>
</listitem>
            <listitem><para>record <link linkend="_namespace_guber_1_1_coordinates_api_1_1_models_1a29c46bc321f7a18764888b8acd2bcf2e">Guber.CoordinatesApi.Models.EstimateResponse</link> (string PickupAddress, string DestinationAddress, double PickupLat, double PickupLon, double DestinationLat, double DestinationLon, double DistanceKm, double DurationMinutes, double Fare, string Polyline)</para>
</listitem>
        </itemizedlist>
</simplesect>
</section>
