<?xml version='1.0' encoding='UTF-8' standalone='no'?>
<section xmlns="http://docbook.org/ns/docbook" version="5.0" xmlns:xlink="http://www.w3.org/1999/xlink" xml:id="__demo_client_8cs" xml:lang="en-US">
<title>GuberDemoClient/DemoClient.cs File Reference</title>
<indexterm><primary>GuberDemoClient/DemoClient.cs</primary></indexterm>
<simplesect>
    <title>Classes    </title>
        <itemizedlist>
            <listitem><para>class <link linkend="_class_demo_client">DemoClient</link></para>
</listitem>
            <listitem><para>class <link linkend="_class_demo_client_1_1_geo_response">DemoClient.GeoResponse</link></para>
</listitem>
            <listitem><para>class <link linkend="_class_demo_client_1_1_route_wire">DemoClient.RouteWire</link></para>
</listitem>
            <listitem><para>class <link linkend="_class_demo_client_1_1_route_point">DemoClient.RoutePoint</link></para>
</listitem>
            <listitem><para>class <link linkend="_class_demo_client_1_1_estimate_response">DemoClient.EstimateResponse</link></para>
</listitem>
            <listitem><para>class <link linkend="_class_demo_client_1_1_fare_response">DemoClient.FareResponse</link></para>
</listitem>
        </itemizedlist>
</simplesect>
</section>
