<?xml version='1.0' encoding='UTF-8' standalone='no'?>
<section xmlns="http://docbook.org/ns/docbook" version="5.0" xmlns:xlink="http://www.w3.org/1999/xlink" xml:id="__demo_client_8cs_source" xml:lang="en-US">
<title>DemoClient.cs</title>
<indexterm><primary>GuberDemoClient/DemoClient.cs</primary></indexterm>
Go to the documentation of this file.<programlisting linenumbering="unnumbered"><anchor xml:id="__demo_client_8cs_source_1l00001"/>00001 <emphasis role="keyword">using&#32;</emphasis>System;
<anchor xml:id="__demo_client_8cs_source_1l00002"/>00002 <emphasis role="keyword">using&#32;</emphasis>System.Collections.Generic;
<anchor xml:id="__demo_client_8cs_source_1l00003"/>00003 <emphasis role="keyword">using&#32;</emphasis>System.Net.Http;
<anchor xml:id="__demo_client_8cs_source_1l00004"/>00004 <emphasis role="keyword">using&#32;</emphasis>System.Net.Http.Json;
<anchor xml:id="__demo_client_8cs_source_1l00005"/>00005 <emphasis role="keyword">using&#32;</emphasis>System.Text.Json;
<anchor xml:id="__demo_client_8cs_source_1l00006"/>00006 <emphasis role="keyword">using&#32;</emphasis>System.Text.Json.Serialization;
<anchor xml:id="__demo_client_8cs_source_1l00007"/>00007 <emphasis role="keyword">using&#32;</emphasis>System.Threading.Tasks;
<anchor xml:id="__demo_client_8cs_source_1l00008"/>00008 <emphasis role="keyword">using&#32;</emphasis>System.Threading;
<anchor xml:id="__demo_client_8cs_source_1l00009"/>00009 
<anchor xml:id="__demo_client_8cs_source_1l00010"/><link linkend="_class_demo_client">00010</link> <emphasis role="keyword">public</emphasis>&#32;<emphasis role="keyword">class&#32;</emphasis><link linkend="_class_demo_client">DemoClient</link>
<anchor xml:id="__demo_client_8cs_source_1l00011"/>00011 {
<anchor xml:id="__demo_client_8cs_source_1l00012"/>00012 &#32;&#32;&#32;&#32;<emphasis role="keyword">static</emphasis>&#32;readonly&#32;HttpClient&#32;client&#32;=&#32;<emphasis role="keyword">new</emphasis>&#32;HttpClient
<anchor xml:id="__demo_client_8cs_source_1l00013"/>00013 &#32;&#32;&#32;&#32;{
<anchor xml:id="__demo_client_8cs_source_1l00014"/>00014 &#32;&#32;&#32;&#32;&#32;&#32;&#32;&#32;BaseAddress&#32;=&#32;<emphasis role="keyword">new</emphasis>&#32;Uri(<emphasis role="stringliteral">&quot;http://10.172.55.21:5157&quot;</emphasis>),
<anchor xml:id="__demo_client_8cs_source_1l00015"/>00015 &#32;&#32;&#32;&#32;&#32;&#32;&#32;&#32;Timeout&#32;=&#32;TimeSpan.FromSeconds(30)
<anchor xml:id="__demo_client_8cs_source_1l00016"/>00016 &#32;&#32;&#32;&#32;};
<anchor xml:id="__demo_client_8cs_source_1l00017"/>00017 
<anchor xml:id="__demo_client_8cs_source_1l00018"/>00018 &#32;&#32;&#32;&#32;<emphasis role="keyword">static</emphasis>&#32;readonly&#32;JsonSerializerOptions&#32;JsonOpts&#32;=&#32;<emphasis role="keyword">new</emphasis>&#32;JsonSerializerOptions
<anchor xml:id="__demo_client_8cs_source_1l00019"/>00019 &#32;&#32;&#32;&#32;{
<anchor xml:id="__demo_client_8cs_source_1l00020"/>00020 &#32;&#32;&#32;&#32;&#32;&#32;&#32;&#32;PropertyNameCaseInsensitive&#32;=&#32;<emphasis role="keyword">true</emphasis>
<anchor xml:id="__demo_client_8cs_source_1l00021"/>00021 &#32;&#32;&#32;&#32;};
<anchor xml:id="__demo_client_8cs_source_1l00022"/>00022 
<anchor xml:id="__demo_client_8cs_source_1l00023"/><link linkend="_class_demo_client_1ac5bef47bd9027c45d5594ed1a3367b18">00023</link> &#32;&#32;&#32;&#32;<emphasis role="keyword">public</emphasis>&#32;<emphasis role="keyword">static</emphasis>&#32;async&#32;Task&#32;<link linkend="_class_demo_client_1ac5bef47bd9027c45d5594ed1a3367b18">Main</link>()
<anchor xml:id="__demo_client_8cs_source_1l00024"/>00024 &#32;&#32;&#32;&#32;{
<anchor xml:id="__demo_client_8cs_source_1l00025"/>00025 &#32;&#32;&#32;&#32;&#32;&#32;&#32;&#32;Console.WriteLine(<emphasis role="stringliteral">&quot;===&#32;Guber&#32;Demo&#32;Client&#32;===\n&quot;</emphasis>);
<anchor xml:id="__demo_client_8cs_source_1l00026"/>00026 
<anchor xml:id="__demo_client_8cs_source_1l00027"/>00027 &#32;&#32;&#32;&#32;&#32;&#32;&#32;&#32;Console.Write(<emphasis role="stringliteral">&quot;Enter&#32;start&#32;address:&#32;&quot;</emphasis>);
<anchor xml:id="__demo_client_8cs_source_1l00028"/>00028 &#32;&#32;&#32;&#32;&#32;&#32;&#32;&#32;<emphasis role="keywordtype">string</emphasis>&#32;startAddress&#32;=&#32;(Console.ReadLine()&#32;??&#32;<emphasis role="stringliteral">&quot;&quot;</emphasis>).Trim();
<anchor xml:id="__demo_client_8cs_source_1l00029"/>00029 
<anchor xml:id="__demo_client_8cs_source_1l00030"/>00030 &#32;&#32;&#32;&#32;&#32;&#32;&#32;&#32;Console.Write(<emphasis role="stringliteral">&quot;Enter&#32;destination&#32;address:&#32;&quot;</emphasis>);
<anchor xml:id="__demo_client_8cs_source_1l00031"/>00031 &#32;&#32;&#32;&#32;&#32;&#32;&#32;&#32;<emphasis role="keywordtype">string</emphasis>&#32;endAddress&#32;=&#32;(Console.ReadLine()&#32;??&#32;<emphasis role="stringliteral">&quot;&quot;</emphasis>).Trim();
<anchor xml:id="__demo_client_8cs_source_1l00032"/>00032 
<anchor xml:id="__demo_client_8cs_source_1l00033"/>00033 &#32;&#32;&#32;&#32;&#32;&#32;&#32;&#32;<emphasis role="comment">//&#32;1)&#32;Geocode&#32;(GET&#32;/api/geocode?query=...)</emphasis>
<anchor xml:id="__demo_client_8cs_source_1l00034"/>00034 &#32;&#32;&#32;&#32;&#32;&#32;&#32;&#32;Console.WriteLine(<emphasis role="stringliteral">&quot;\nFetching&#32;coordinates...&quot;</emphasis>);
<anchor xml:id="__demo_client_8cs_source_1l00035"/>00035 &#32;&#32;&#32;&#32;&#32;&#32;&#32;&#32;var&#32;startGeo&#32;=&#32;await&#32;client.GetFromJsonAsync&lt;<link linkend="_class_demo_client_1_1_geo_response">GeoResponse</link>&gt;($<emphasis role="stringliteral">&quot;/api/geocode?query={Uri.EscapeDataString(startAddress)}&quot;</emphasis>,&#32;JsonOpts);
<anchor xml:id="__demo_client_8cs_source_1l00036"/>00036 &#32;&#32;&#32;&#32;&#32;&#32;&#32;&#32;var&#32;endGeo&#32;&#32;&#32;=&#32;await&#32;client.GetFromJsonAsync&lt;<link linkend="_class_demo_client_1_1_geo_response">GeoResponse</link>&gt;($<emphasis role="stringliteral">&quot;/api/geocode?query={Uri.EscapeDataString(endAddress)}&quot;</emphasis>,&#32;JsonOpts);
<anchor xml:id="__demo_client_8cs_source_1l00037"/>00037 
<anchor xml:id="__demo_client_8cs_source_1l00038"/>00038 &#32;&#32;&#32;&#32;&#32;&#32;&#32;&#32;<emphasis role="keywordflow">if</emphasis>&#32;(startGeo&#32;is&#32;<emphasis role="keyword">null</emphasis>&#32;||&#32;endGeo&#32;is&#32;<emphasis role="keyword">null</emphasis>)
<anchor xml:id="__demo_client_8cs_source_1l00039"/>00039 &#32;&#32;&#32;&#32;&#32;&#32;&#32;&#32;{
<anchor xml:id="__demo_client_8cs_source_1l00040"/>00040 &#32;&#32;&#32;&#32;&#32;&#32;&#32;&#32;&#32;&#32;&#32;&#32;Console.WriteLine(<emphasis role="stringliteral">&quot;Could&#32;not&#32;get&#32;coordinates&#32;(null&#32;response).&quot;</emphasis>);
<anchor xml:id="__demo_client_8cs_source_1l00041"/>00041 &#32;&#32;&#32;&#32;&#32;&#32;&#32;&#32;&#32;&#32;&#32;&#32;<emphasis role="keywordflow">return</emphasis>;
<anchor xml:id="__demo_client_8cs_source_1l00042"/>00042 &#32;&#32;&#32;&#32;&#32;&#32;&#32;&#32;}
<anchor xml:id="__demo_client_8cs_source_1l00043"/>00043 
<anchor xml:id="__demo_client_8cs_source_1l00044"/>00044 &#32;&#32;&#32;&#32;&#32;&#32;&#32;&#32;Console.WriteLine($<emphasis role="stringliteral">&quot;Start:&#32;({startGeo.Latitude},&#32;{startGeo.Longitude})&quot;</emphasis>);
<anchor xml:id="__demo_client_8cs_source_1l00045"/>00045 &#32;&#32;&#32;&#32;&#32;&#32;&#32;&#32;Console.WriteLine($<emphasis role="stringliteral">&quot;End:&#32;&#32;&#32;({endGeo.Latitude},&#32;{endGeo.Longitude})&quot;</emphasis>);
<anchor xml:id="__demo_client_8cs_source_1l00046"/>00046 
<anchor xml:id="__demo_client_8cs_source_1l00047"/>00047 &#32;&#32;&#32;&#32;&#32;&#32;&#32;&#32;<emphasis role="comment">//&#32;2)&#32;Estimate&#32;(POST&#32;/api/estimate)&#32;—&#32;requires&#32;pickupAddress&#32;&amp;&#32;destinationAddress</emphasis>
<anchor xml:id="__demo_client_8cs_source_1l00048"/>00048 &#32;&#32;&#32;&#32;&#32;&#32;&#32;&#32;Console.WriteLine(<emphasis role="stringliteral">&quot;\nEstimating&#32;trip...&quot;</emphasis>);
<anchor xml:id="__demo_client_8cs_source_1l00049"/>00049 &#32;&#32;&#32;&#32;&#32;&#32;&#32;&#32;var&#32;estimateReq&#32;=&#32;<emphasis role="keyword">new</emphasis>
<anchor xml:id="__demo_client_8cs_source_1l00050"/>00050 &#32;&#32;&#32;&#32;&#32;&#32;&#32;&#32;{
<anchor xml:id="__demo_client_8cs_source_1l00051"/>00051 &#32;&#32;&#32;&#32;&#32;&#32;&#32;&#32;&#32;&#32;&#32;&#32;pickupAddress&#32;=&#32;startAddress,
<anchor xml:id="__demo_client_8cs_source_1l00052"/>00052 &#32;&#32;&#32;&#32;&#32;&#32;&#32;&#32;&#32;&#32;&#32;&#32;destinationAddress&#32;=&#32;endAddress
<anchor xml:id="__demo_client_8cs_source_1l00053"/>00053 &#32;&#32;&#32;&#32;&#32;&#32;&#32;&#32;&#32;&#32;&#32;&#32;<emphasis role="comment">//&#32;If&#32;your&#32;API&#32;accepts&#32;coords&#32;as&#32;well,&#32;you&#32;can&#32;include&#32;them:</emphasis>
<anchor xml:id="__demo_client_8cs_source_1l00054"/>00054 &#32;&#32;&#32;&#32;&#32;&#32;&#32;&#32;&#32;&#32;&#32;&#32;<emphasis role="comment">//&#32;startLat&#32;=&#32;startGeo.Latitude,&#32;startLon&#32;=&#32;startGeo.Longitude,</emphasis>
<anchor xml:id="__demo_client_8cs_source_1l00055"/>00055 &#32;&#32;&#32;&#32;&#32;&#32;&#32;&#32;&#32;&#32;&#32;&#32;<emphasis role="comment">//&#32;endLat&#32;=&#32;endGeo.Latitude,&#32;&#32;&#32;endLon&#32;=&#32;endGeo.Longitude</emphasis>
<anchor xml:id="__demo_client_8cs_source_1l00056"/>00056 &#32;&#32;&#32;&#32;&#32;&#32;&#32;&#32;};
<anchor xml:id="__demo_client_8cs_source_1l00057"/>00057 
<anchor xml:id="__demo_client_8cs_source_1l00058"/>00058 &#32;&#32;&#32;&#32;&#32;&#32;&#32;&#32;var&#32;estHttp&#32;=&#32;await&#32;client.PostAsJsonAsync(<emphasis role="stringliteral">&quot;/api/estimate&quot;</emphasis>,&#32;estimateReq);
<anchor xml:id="__demo_client_8cs_source_1l00059"/>00059 &#32;&#32;&#32;&#32;&#32;&#32;&#32;&#32;<emphasis role="keywordflow">if</emphasis>&#32;(!estHttp.IsSuccessStatusCode)
<anchor xml:id="__demo_client_8cs_source_1l00060"/>00060 &#32;&#32;&#32;&#32;&#32;&#32;&#32;&#32;{
<anchor xml:id="__demo_client_8cs_source_1l00061"/>00061 &#32;&#32;&#32;&#32;&#32;&#32;&#32;&#32;&#32;&#32;&#32;&#32;Console.WriteLine($<emphasis role="stringliteral">&quot;Estimate&#32;failed:&#32;{estHttp.StatusCode}&quot;</emphasis>);
<anchor xml:id="__demo_client_8cs_source_1l00062"/>00062 &#32;&#32;&#32;&#32;&#32;&#32;&#32;&#32;&#32;&#32;&#32;&#32;Console.WriteLine(await&#32;estHttp.Content.ReadAsStringAsync());
<anchor xml:id="__demo_client_8cs_source_1l00063"/>00063 &#32;&#32;&#32;&#32;&#32;&#32;&#32;&#32;&#32;&#32;&#32;&#32;<emphasis role="keywordflow">return</emphasis>;
<anchor xml:id="__demo_client_8cs_source_1l00064"/>00064 &#32;&#32;&#32;&#32;&#32;&#32;&#32;&#32;}
<anchor xml:id="__demo_client_8cs_source_1l00065"/>00065 
<anchor xml:id="__demo_client_8cs_source_1l00066"/>00066 &#32;&#32;&#32;&#32;&#32;&#32;&#32;&#32;var&#32;estimate&#32;=&#32;await&#32;estHttp.Content.ReadFromJsonAsync&lt;<link linkend="_class_demo_client_1_1_estimate_response">EstimateResponse</link>&gt;(JsonOpts)&#32;??&#32;<emphasis role="keyword">new</emphasis>&#32;<link linkend="_class_demo_client_1_1_estimate_response">EstimateResponse</link>();
<anchor xml:id="__demo_client_8cs_source_1l00067"/>00067 &#32;&#32;&#32;&#32;&#32;&#32;&#32;&#32;Console.WriteLine($<emphasis role="stringliteral">&quot;Estimated&#32;Distance:&#32;{estimate.DistanceKm:F2}&#32;km&quot;</emphasis>);
<anchor xml:id="__demo_client_8cs_source_1l00068"/>00068 &#32;&#32;&#32;&#32;&#32;&#32;&#32;&#32;Console.WriteLine($<emphasis role="stringliteral">&quot;Estimated&#32;Duration:&#32;{estimate.DurationMinutes:F1}&#32;min&quot;</emphasis>);
<anchor xml:id="__demo_client_8cs_source_1l00069"/>00069 &#32;&#32;&#32;&#32;&#32;&#32;&#32;&#32;Console.WriteLine($<emphasis role="stringliteral">&quot;Estimated&#32;Cost:&#32;&#32;&#32;&#32;&#32;${estimate.Fare:F2}&quot;</emphasis>);
<anchor xml:id="__demo_client_8cs_source_1l00070"/>00070 
<anchor xml:id="__demo_client_8cs_source_1l00071"/>00071 &#32;&#32;&#32;&#32;&#32;&#32;&#32;&#32;Console.Write(<emphasis role="stringliteral">&quot;\nStart&#32;trip&#32;simulation?&#32;(y/n):&#32;&quot;</emphasis>);
<anchor xml:id="__demo_client_8cs_source_1l00072"/>00072 &#32;&#32;&#32;&#32;&#32;&#32;&#32;&#32;<emphasis role="keywordflow">if</emphasis>&#32;(!<emphasis role="keywordtype">string</emphasis>.Equals(Console.ReadLine()?.Trim(),&#32;<emphasis role="stringliteral">&quot;y&quot;</emphasis>,&#32;StringComparison.OrdinalIgnoreCase))
<anchor xml:id="__demo_client_8cs_source_1l00073"/>00073 &#32;&#32;&#32;&#32;&#32;&#32;&#32;&#32;{
<anchor xml:id="__demo_client_8cs_source_1l00074"/>00074 &#32;&#32;&#32;&#32;&#32;&#32;&#32;&#32;&#32;&#32;&#32;&#32;Console.WriteLine(<emphasis role="stringliteral">&quot;Trip&#32;cancelled.&quot;</emphasis>);
<anchor xml:id="__demo_client_8cs_source_1l00075"/>00075 &#32;&#32;&#32;&#32;&#32;&#32;&#32;&#32;&#32;&#32;&#32;&#32;<emphasis role="keywordflow">return</emphasis>;
<anchor xml:id="__demo_client_8cs_source_1l00076"/>00076 &#32;&#32;&#32;&#32;&#32;&#32;&#32;&#32;}
<anchor xml:id="__demo_client_8cs_source_1l00077"/>00077 
<anchor xml:id="__demo_client_8cs_source_1l00078"/>00078 &#32;&#32;&#32;&#32;&#32;&#32;&#32;&#32;<emphasis role="comment">//&#32;3)&#32;Route&#32;(POST&#32;/api/route)&#32;—&#32;returns&#32;{&#32;distanceKm,&#32;durationMinutes,&#32;polyline&#32;}</emphasis>
<anchor xml:id="__demo_client_8cs_source_1l00079"/>00079 &#32;&#32;&#32;&#32;&#32;&#32;&#32;&#32;Console.WriteLine(<emphasis role="stringliteral">&quot;\nGetting&#32;route&#32;path...&quot;</emphasis>);
<anchor xml:id="__demo_client_8cs_source_1l00080"/>00080 &#32;&#32;&#32;&#32;&#32;&#32;&#32;&#32;var&#32;routeReq&#32;=&#32;<emphasis role="keyword">new</emphasis>
<anchor xml:id="__demo_client_8cs_source_1l00081"/>00081 &#32;&#32;&#32;&#32;&#32;&#32;&#32;&#32;{
<anchor xml:id="__demo_client_8cs_source_1l00082"/>00082 &#32;&#32;&#32;&#32;&#32;&#32;&#32;&#32;&#32;&#32;&#32;&#32;startLat&#32;=&#32;startGeo.Latitude,
<anchor xml:id="__demo_client_8cs_source_1l00083"/>00083 &#32;&#32;&#32;&#32;&#32;&#32;&#32;&#32;&#32;&#32;&#32;&#32;startLon&#32;=&#32;startGeo.Longitude,
<anchor xml:id="__demo_client_8cs_source_1l00084"/>00084 &#32;&#32;&#32;&#32;&#32;&#32;&#32;&#32;&#32;&#32;&#32;&#32;endLat&#32;&#32;&#32;=&#32;endGeo.Latitude,
<anchor xml:id="__demo_client_8cs_source_1l00085"/>00085 &#32;&#32;&#32;&#32;&#32;&#32;&#32;&#32;&#32;&#32;&#32;&#32;endLon&#32;&#32;&#32;=&#32;endGeo.Longitude
<anchor xml:id="__demo_client_8cs_source_1l00086"/>00086 &#32;&#32;&#32;&#32;&#32;&#32;&#32;&#32;};
<anchor xml:id="__demo_client_8cs_source_1l00087"/>00087 
<anchor xml:id="__demo_client_8cs_source_1l00088"/>00088 &#32;&#32;&#32;&#32;&#32;&#32;&#32;&#32;var&#32;routeHttp&#32;=&#32;await&#32;client.PostAsJsonAsync(<emphasis role="stringliteral">&quot;/api/route&quot;</emphasis>,&#32;routeReq);
<anchor xml:id="__demo_client_8cs_source_1l00089"/>00089 &#32;&#32;&#32;&#32;&#32;&#32;&#32;&#32;<emphasis role="keywordflow">if</emphasis>&#32;(!routeHttp.IsSuccessStatusCode)
<anchor xml:id="__demo_client_8cs_source_1l00090"/>00090 &#32;&#32;&#32;&#32;&#32;&#32;&#32;&#32;{
<anchor xml:id="__demo_client_8cs_source_1l00091"/>00091 &#32;&#32;&#32;&#32;&#32;&#32;&#32;&#32;&#32;&#32;&#32;&#32;Console.WriteLine($<emphasis role="stringliteral">&quot;Route&#32;request&#32;failed:&#32;{routeHttp.StatusCode}&quot;</emphasis>);
<anchor xml:id="__demo_client_8cs_source_1l00092"/>00092 &#32;&#32;&#32;&#32;&#32;&#32;&#32;&#32;&#32;&#32;&#32;&#32;Console.WriteLine(await&#32;routeHttp.Content.ReadAsStringAsync());
<anchor xml:id="__demo_client_8cs_source_1l00093"/>00093 &#32;&#32;&#32;&#32;&#32;&#32;&#32;&#32;&#32;&#32;&#32;&#32;<emphasis role="keywordflow">return</emphasis>;
<anchor xml:id="__demo_client_8cs_source_1l00094"/>00094 &#32;&#32;&#32;&#32;&#32;&#32;&#32;&#32;}
<anchor xml:id="__demo_client_8cs_source_1l00095"/>00095 
<anchor xml:id="__demo_client_8cs_source_1l00096"/>00096 &#32;&#32;&#32;&#32;&#32;&#32;&#32;&#32;var&#32;routeWire&#32;=&#32;await&#32;routeHttp.Content.ReadFromJsonAsync&lt;<link linkend="_class_demo_client_1_1_route_wire">RouteWire</link>&gt;(JsonOpts);
<anchor xml:id="__demo_client_8cs_source_1l00097"/>00097 &#32;&#32;&#32;&#32;&#32;&#32;&#32;&#32;<emphasis role="keywordflow">if</emphasis>&#32;(routeWire&#32;is&#32;<emphasis role="keyword">null</emphasis>&#32;||&#32;<emphasis role="keywordtype">string</emphasis>.IsNullOrWhiteSpace(routeWire.Polyline))
<anchor xml:id="__demo_client_8cs_source_1l00098"/>00098 &#32;&#32;&#32;&#32;&#32;&#32;&#32;&#32;{
<anchor xml:id="__demo_client_8cs_source_1l00099"/>00099 &#32;&#32;&#32;&#32;&#32;&#32;&#32;&#32;&#32;&#32;&#32;&#32;Console.WriteLine(<emphasis role="stringliteral">&quot;Route&#32;returned&#32;no&#32;polyline.&quot;</emphasis>);
<anchor xml:id="__demo_client_8cs_source_1l00100"/>00100 &#32;&#32;&#32;&#32;&#32;&#32;&#32;&#32;&#32;&#32;&#32;&#32;<emphasis role="keywordflow">return</emphasis>;
<anchor xml:id="__demo_client_8cs_source_1l00101"/>00101 &#32;&#32;&#32;&#32;&#32;&#32;&#32;&#32;}
<anchor xml:id="__demo_client_8cs_source_1l00102"/>00102 
<anchor xml:id="__demo_client_8cs_source_1l00103"/>00103 &#32;&#32;&#32;&#32;&#32;&#32;&#32;&#32;<emphasis role="comment">//&#32;Decode&#32;polyline6&#32;(precision&#32;=&#32;1e-6)</emphasis>
<anchor xml:id="__demo_client_8cs_source_1l00104"/>00104 &#32;&#32;&#32;&#32;&#32;&#32;&#32;&#32;var&#32;points&#32;=&#32;DecodePolyline6(routeWire.Polyline);
<anchor xml:id="__demo_client_8cs_source_1l00105"/>00105 &#32;&#32;&#32;&#32;&#32;&#32;&#32;&#32;<emphasis role="keywordflow">if</emphasis>&#32;(points.Count&#32;==&#32;0)
<anchor xml:id="__demo_client_8cs_source_1l00106"/>00106 &#32;&#32;&#32;&#32;&#32;&#32;&#32;&#32;{
<anchor xml:id="__demo_client_8cs_source_1l00107"/>00107 &#32;&#32;&#32;&#32;&#32;&#32;&#32;&#32;&#32;&#32;&#32;&#32;Console.WriteLine(<emphasis role="stringliteral">&quot;Decoded&#32;polyline&#32;returned&#32;0&#32;points.&quot;</emphasis>);
<anchor xml:id="__demo_client_8cs_source_1l00108"/>00108 &#32;&#32;&#32;&#32;&#32;&#32;&#32;&#32;&#32;&#32;&#32;&#32;<emphasis role="keywordflow">return</emphasis>;
<anchor xml:id="__demo_client_8cs_source_1l00109"/>00109 &#32;&#32;&#32;&#32;&#32;&#32;&#32;&#32;}
<anchor xml:id="__demo_client_8cs_source_1l00110"/>00110 
<anchor xml:id="__demo_client_8cs_source_1l00111"/>00111 &#32;&#32;&#32;&#32;&#32;&#32;&#32;&#32;Console.WriteLine($<emphasis role="stringliteral">&quot;Route&#32;distance:&#32;{routeWire.DistanceKm:F2}&#32;km,&#32;duration:&#32;{routeWire.DurationMinutes:F1}&#32;min&quot;</emphasis>);
<anchor xml:id="__demo_client_8cs_source_1l00112"/>00112 &#32;&#32;&#32;&#32;&#32;&#32;&#32;&#32;Console.WriteLine($<emphasis role="stringliteral">&quot;Route&#32;has&#32;{points.Count}&#32;decoded&#32;points.\n&quot;</emphasis>);
<anchor xml:id="__demo_client_8cs_source_1l00113"/>00113 
<anchor xml:id="__demo_client_8cs_source_1l00114"/>00114 &#32;&#32;&#32;&#32;&#32;&#32;&#32;&#32;<emphasis role="comment">//&#32;4)&#32;Simulate&#32;movement&#32;and&#32;push&#32;to&#32;/api/liveLocation/driver</emphasis>
<anchor xml:id="__demo_client_8cs_source_1l00115"/>00115 &#32;&#32;&#32;&#32;&#32;&#32;&#32;&#32;<emphasis role="keywordtype">double</emphasis>&#32;totalKm&#32;=&#32;0;
<anchor xml:id="__demo_client_8cs_source_1l00116"/>00116 &#32;&#32;&#32;&#32;&#32;&#32;&#32;&#32;<emphasis role="keywordflow">for</emphasis>&#32;(<emphasis role="keywordtype">int</emphasis>&#32;i&#32;=&#32;0;&#32;i&#32;&lt;&#32;points.Count;&#32;i++)
<anchor xml:id="__demo_client_8cs_source_1l00117"/>00117 &#32;&#32;&#32;&#32;&#32;&#32;&#32;&#32;{
<anchor xml:id="__demo_client_8cs_source_1l00118"/>00118 &#32;&#32;&#32;&#32;&#32;&#32;&#32;&#32;&#32;&#32;&#32;&#32;var&#32;p&#32;=&#32;points[i];
<anchor xml:id="__demo_client_8cs_source_1l00119"/>00119 &#32;&#32;&#32;&#32;&#32;&#32;&#32;&#32;&#32;&#32;&#32;&#32;Console.WriteLine($<emphasis role="stringliteral">&quot;Driver&#32;location:&#32;{p.Lat:0.0000},&#32;{p.Lon:0.0000}&quot;</emphasis>);
<anchor xml:id="__demo_client_8cs_source_1l00120"/>00120 
<anchor xml:id="__demo_client_8cs_source_1l00121"/>00121 &#32;&#32;&#32;&#32;&#32;&#32;&#32;&#32;&#32;&#32;&#32;&#32;var&#32;liveUpdate&#32;=&#32;<emphasis role="keyword">new</emphasis>&#32;{&#32;driverId&#32;=&#32;<emphasis role="stringliteral">&quot;demo-driver&quot;</emphasis>,&#32;latitude&#32;=&#32;p.Lat,&#32;longitude&#32;=&#32;p.Lon&#32;};
<anchor xml:id="__demo_client_8cs_source_1l00122"/>00122 &#32;&#32;&#32;&#32;&#32;&#32;&#32;&#32;&#32;&#32;&#32;&#32;_&#32;=&#32;await&#32;client.PostAsJsonAsync(<emphasis role="stringliteral">&quot;/api/liveLocation/driver&quot;</emphasis>,&#32;liveUpdate);
<anchor xml:id="__demo_client_8cs_source_1l00123"/>00123 
<anchor xml:id="__demo_client_8cs_source_1l00124"/>00124 &#32;&#32;&#32;&#32;&#32;&#32;&#32;&#32;&#32;&#32;&#32;&#32;<emphasis role="keywordflow">if</emphasis>&#32;(i&#32;&gt;&#32;0)&#32;totalKm&#32;+=&#32;Haversine(points[i&#32;-&#32;1],&#32;points[i]);
<anchor xml:id="__demo_client_8cs_source_1l00125"/>00125 &#32;&#32;&#32;&#32;&#32;&#32;&#32;&#32;&#32;&#32;&#32;&#32;await&#32;Task.Delay(1000);
<anchor xml:id="__demo_client_8cs_source_1l00126"/>00126 &#32;&#32;&#32;&#32;&#32;&#32;&#32;&#32;}
<anchor xml:id="__demo_client_8cs_source_1l00127"/>00127 
<anchor xml:id="__demo_client_8cs_source_1l00128"/>00128 &#32;&#32;&#32;&#32;&#32;&#32;&#32;&#32;var&#32;last&#32;=&#32;points[^1];
<anchor xml:id="__demo_client_8cs_source_1l00129"/>00129 
<anchor xml:id="__demo_client_8cs_source_1l00130"/>00130 &#32;&#32;&#32;&#32;&#32;&#32;&#32;&#32;<emphasis role="comment">//&#32;5)&#32;Final&#32;fare&#32;(POST&#32;/api/fare)</emphasis>
<anchor xml:id="__demo_client_8cs_source_1l00131"/>00131 &#32;&#32;&#32;&#32;&#32;&#32;&#32;&#32;var&#32;fareReq&#32;=&#32;<emphasis role="keyword">new</emphasis>
<anchor xml:id="__demo_client_8cs_source_1l00132"/>00132 &#32;&#32;&#32;&#32;&#32;&#32;&#32;&#32;{
<anchor xml:id="__demo_client_8cs_source_1l00133"/>00133 &#32;&#32;&#32;&#32;&#32;&#32;&#32;&#32;&#32;&#32;&#32;&#32;distanceKm&#32;=&#32;Math.Max(totalKm,&#32;0.01),
<anchor xml:id="__demo_client_8cs_source_1l00134"/>00134 &#32;&#32;&#32;&#32;&#32;&#32;&#32;&#32;&#32;&#32;&#32;&#32;durationMinutes&#32;=&#32;Math.Max(routeWire.DurationMinutes,&#32;0.01)
<anchor xml:id="__demo_client_8cs_source_1l00135"/>00135 &#32;&#32;&#32;&#32;&#32;&#32;&#32;&#32;};
<anchor xml:id="__demo_client_8cs_source_1l00136"/>00136 
<anchor xml:id="__demo_client_8cs_source_1l00137"/>00137 &#32;&#32;&#32;&#32;&#32;&#32;&#32;&#32;var&#32;fareHttp&#32;=&#32;await&#32;client.PostAsJsonAsync(<emphasis role="stringliteral">&quot;/api/fare&quot;</emphasis>,&#32;fareReq);
<anchor xml:id="__demo_client_8cs_source_1l00138"/>00138 &#32;&#32;&#32;&#32;&#32;&#32;&#32;&#32;<emphasis role="keywordflow">if</emphasis>&#32;(!fareHttp.IsSuccessStatusCode)
<anchor xml:id="__demo_client_8cs_source_1l00139"/>00139 &#32;&#32;&#32;&#32;&#32;&#32;&#32;&#32;{
<anchor xml:id="__demo_client_8cs_source_1l00140"/>00140 &#32;&#32;&#32;&#32;&#32;&#32;&#32;&#32;&#32;&#32;&#32;&#32;Console.WriteLine($<emphasis role="stringliteral">&quot;Fare&#32;request&#32;failed:&#32;{fareHttp.StatusCode}&quot;</emphasis>);
<anchor xml:id="__demo_client_8cs_source_1l00141"/>00141 &#32;&#32;&#32;&#32;&#32;&#32;&#32;&#32;&#32;&#32;&#32;&#32;Console.WriteLine(await&#32;fareHttp.Content.ReadAsStringAsync());
<anchor xml:id="__demo_client_8cs_source_1l00142"/>00142 &#32;&#32;&#32;&#32;&#32;&#32;&#32;&#32;&#32;&#32;&#32;&#32;<emphasis role="keywordflow">return</emphasis>;
<anchor xml:id="__demo_client_8cs_source_1l00143"/>00143 &#32;&#32;&#32;&#32;&#32;&#32;&#32;&#32;}
<anchor xml:id="__demo_client_8cs_source_1l00144"/>00144 
<anchor xml:id="__demo_client_8cs_source_1l00145"/>00145 &#32;&#32;&#32;&#32;&#32;&#32;&#32;&#32;var&#32;finalFare&#32;=&#32;await&#32;fareHttp.Content.ReadFromJsonAsync&lt;<link linkend="_class_demo_client_1_1_fare_response">FareResponse</link>&gt;(JsonOpts);
<anchor xml:id="__demo_client_8cs_source_1l00146"/>00146 
<anchor xml:id="__demo_client_8cs_source_1l00147"/>00147 &#32;&#32;&#32;&#32;&#32;&#32;&#32;&#32;Console.WriteLine(<emphasis role="stringliteral">&quot;\n===&#32;Trip&#32;Complete&#32;===&quot;</emphasis>);
<anchor xml:id="__demo_client_8cs_source_1l00148"/>00148 &#32;&#32;&#32;&#32;&#32;&#32;&#32;&#32;Console.WriteLine($<emphasis role="stringliteral">&quot;Km&#32;Traveled:&#32;&#32;{totalKm:F2}&quot;</emphasis>);
<anchor xml:id="__demo_client_8cs_source_1l00149"/>00149 &#32;&#32;&#32;&#32;&#32;&#32;&#32;&#32;Console.WriteLine($<emphasis role="stringliteral">&quot;Total&#32;Amount:&#32;${finalFare?.TotalFare:F2}&quot;</emphasis>);
<anchor xml:id="__demo_client_8cs_source_1l00150"/>00150 &#32;&#32;&#32;&#32;&#32;&#32;&#32;&#32;Console.WriteLine($<emphasis role="stringliteral">&quot;Last&#32;Location:&#32;{last.Lat:0.0000},&#32;{last.Lon:0.0000}&quot;</emphasis>);
<anchor xml:id="__demo_client_8cs_source_1l00151"/>00151 &#32;&#32;&#32;&#32;}
<anchor xml:id="__demo_client_8cs_source_1l00152"/>00152 
<anchor xml:id="__demo_client_8cs_source_1l00153"/>00153 &#32;&#32;&#32;&#32;<emphasis role="comment">//&#32;----------&#32;Helpers&#32;----------</emphasis>
<anchor xml:id="__demo_client_8cs_source_1l00154"/>00154 
<anchor xml:id="__demo_client_8cs_source_1l00155"/>00155 &#32;&#32;&#32;&#32;<emphasis role="comment">//&#32;Haversine&#32;in&#32;km</emphasis>
<anchor xml:id="__demo_client_8cs_source_1l00156"/>00156 &#32;&#32;&#32;&#32;<emphasis role="keyword">static</emphasis>&#32;<emphasis role="keywordtype">double</emphasis>&#32;Haversine(RoutePoint&#32;a,&#32;RoutePoint&#32;b)
<anchor xml:id="__demo_client_8cs_source_1l00157"/>00157 &#32;&#32;&#32;&#32;{
<anchor xml:id="__demo_client_8cs_source_1l00158"/>00158 &#32;&#32;&#32;&#32;&#32;&#32;&#32;&#32;<emphasis role="keyword">const</emphasis>&#32;<emphasis role="keywordtype">double</emphasis>&#32;R&#32;=&#32;6371;
<anchor xml:id="__demo_client_8cs_source_1l00159"/>00159 &#32;&#32;&#32;&#32;&#32;&#32;&#32;&#32;<emphasis role="keywordtype">double</emphasis>&#32;dLat&#32;=&#32;(b.Lat&#32;-&#32;a.Lat)&#32;*&#32;Math.PI&#32;/&#32;180.0;
<anchor xml:id="__demo_client_8cs_source_1l00160"/>00160 &#32;&#32;&#32;&#32;&#32;&#32;&#32;&#32;<emphasis role="keywordtype">double</emphasis>&#32;dLon&#32;=&#32;(b.Lon&#32;-&#32;a.Lon)&#32;*&#32;Math.PI&#32;/&#32;180.0;
<anchor xml:id="__demo_client_8cs_source_1l00161"/>00161 &#32;&#32;&#32;&#32;&#32;&#32;&#32;&#32;<emphasis role="keywordtype">double</emphasis>&#32;lat1&#32;=&#32;a.Lat&#32;*&#32;Math.PI&#32;/&#32;180.0;
<anchor xml:id="__demo_client_8cs_source_1l00162"/>00162 &#32;&#32;&#32;&#32;&#32;&#32;&#32;&#32;<emphasis role="keywordtype">double</emphasis>&#32;lat2&#32;=&#32;b.Lat&#32;*&#32;Math.PI&#32;/&#32;180.0;
<anchor xml:id="__demo_client_8cs_source_1l00163"/>00163 &#32;&#32;&#32;&#32;&#32;&#32;&#32;&#32;<emphasis role="keywordtype">double</emphasis>&#32;h&#32;=&#32;Math.Pow(Math.Sin(dLat&#32;/&#32;2),&#32;2)&#32;+&#32;Math.Cos(lat1)&#32;*&#32;Math.Cos(lat2)&#32;*&#32;Math.Pow(Math.Sin(dLon&#32;/&#32;2),&#32;2);
<anchor xml:id="__demo_client_8cs_source_1l00164"/>00164 &#32;&#32;&#32;&#32;&#32;&#32;&#32;&#32;<emphasis role="keywordflow">return</emphasis>&#32;2&#32;*&#32;R&#32;*&#32;Math.Asin(Math.Sqrt(h));
<anchor xml:id="__demo_client_8cs_source_1l00165"/>00165 &#32;&#32;&#32;&#32;}
<anchor xml:id="__demo_client_8cs_source_1l00166"/>00166 
<anchor xml:id="__demo_client_8cs_source_1l00167"/>00167 &#32;&#32;&#32;&#32;<emphasis role="comment">//&#32;Decode&#32;OSRM/Google&#32;polyline&#32;with&#32;1e-6&#32;precision</emphasis>
<anchor xml:id="__demo_client_8cs_source_1l00168"/>00168 &#32;&#32;&#32;&#32;<emphasis role="keyword">static</emphasis>&#32;List&lt;RoutePoint&gt;&#32;DecodePolyline6(<emphasis role="keywordtype">string</emphasis>&#32;polyline)
<anchor xml:id="__demo_client_8cs_source_1l00169"/>00169 &#32;&#32;&#32;&#32;{
<anchor xml:id="__demo_client_8cs_source_1l00170"/>00170 &#32;&#32;&#32;&#32;&#32;&#32;&#32;&#32;var&#32;points&#32;=&#32;<emphasis role="keyword">new</emphasis>&#32;List&lt;RoutePoint&gt;();
<anchor xml:id="__demo_client_8cs_source_1l00171"/>00171 &#32;&#32;&#32;&#32;&#32;&#32;&#32;&#32;<emphasis role="keywordtype">int</emphasis>&#32;index&#32;=&#32;0,&#32;lat&#32;=&#32;0,&#32;lon&#32;=&#32;0;
<anchor xml:id="__demo_client_8cs_source_1l00172"/>00172 
<anchor xml:id="__demo_client_8cs_source_1l00173"/>00173 &#32;&#32;&#32;&#32;&#32;&#32;&#32;&#32;<emphasis role="keywordflow">while</emphasis>&#32;(index&#32;&lt;&#32;polyline.Length)
<anchor xml:id="__demo_client_8cs_source_1l00174"/>00174 &#32;&#32;&#32;&#32;&#32;&#32;&#32;&#32;{
<anchor xml:id="__demo_client_8cs_source_1l00175"/>00175 &#32;&#32;&#32;&#32;&#32;&#32;&#32;&#32;&#32;&#32;&#32;&#32;<emphasis role="keywordtype">int</emphasis>&#32;b,&#32;shift&#32;=&#32;0,&#32;result&#32;=&#32;0;
<anchor xml:id="__demo_client_8cs_source_1l00176"/>00176 &#32;&#32;&#32;&#32;&#32;&#32;&#32;&#32;&#32;&#32;&#32;&#32;<emphasis role="keywordflow">do</emphasis>&#32;{&#32;b&#32;=&#32;polyline[index++]&#32;-&#32;63;&#32;result&#32;|=&#32;(b&#32;&amp;&#32;0x1f)&#32;&lt;&lt;&#32;shift;&#32;shift&#32;+=&#32;5;&#32;}&#32;<emphasis role="keywordflow">while</emphasis>&#32;(b&#32;&gt;=&#32;0x20);
<anchor xml:id="__demo_client_8cs_source_1l00177"/>00177 &#32;&#32;&#32;&#32;&#32;&#32;&#32;&#32;&#32;&#32;&#32;&#32;<emphasis role="keywordtype">int</emphasis>&#32;dlat&#32;=&#32;((result&#32;&amp;&#32;1)&#32;!=&#32;0&#32;?&#32;~(result&#32;&gt;&gt;&#32;1)&#32;:&#32;(result&#32;&gt;&gt;&#32;1));
<anchor xml:id="__demo_client_8cs_source_1l00178"/>00178 &#32;&#32;&#32;&#32;&#32;&#32;&#32;&#32;&#32;&#32;&#32;&#32;lat&#32;+=&#32;dlat;
<anchor xml:id="__demo_client_8cs_source_1l00179"/>00179 
<anchor xml:id="__demo_client_8cs_source_1l00180"/>00180 &#32;&#32;&#32;&#32;&#32;&#32;&#32;&#32;&#32;&#32;&#32;&#32;shift&#32;=&#32;0;&#32;result&#32;=&#32;0;
<anchor xml:id="__demo_client_8cs_source_1l00181"/>00181 &#32;&#32;&#32;&#32;&#32;&#32;&#32;&#32;&#32;&#32;&#32;&#32;<emphasis role="keywordflow">do</emphasis>&#32;{&#32;b&#32;=&#32;polyline[index++]&#32;-&#32;63;&#32;result&#32;|=&#32;(b&#32;&amp;&#32;0x1f)&#32;&lt;&lt;&#32;shift;&#32;shift&#32;+=&#32;5;&#32;}&#32;<emphasis role="keywordflow">while</emphasis>&#32;(b&#32;&gt;=&#32;0x20);
<anchor xml:id="__demo_client_8cs_source_1l00182"/>00182 &#32;&#32;&#32;&#32;&#32;&#32;&#32;&#32;&#32;&#32;&#32;&#32;<emphasis role="keywordtype">int</emphasis>&#32;dlon&#32;=&#32;((result&#32;&amp;&#32;1)&#32;!=&#32;0&#32;?&#32;~(result&#32;&gt;&gt;&#32;1)&#32;:&#32;(result&#32;&gt;&gt;&#32;1));
<anchor xml:id="__demo_client_8cs_source_1l00183"/>00183 &#32;&#32;&#32;&#32;&#32;&#32;&#32;&#32;&#32;&#32;&#32;&#32;lon&#32;+=&#32;dlon;
<anchor xml:id="__demo_client_8cs_source_1l00184"/>00184 
<anchor xml:id="__demo_client_8cs_source_1l00185"/>00185 &#32;&#32;&#32;&#32;&#32;&#32;&#32;&#32;&#32;&#32;&#32;&#32;<emphasis role="comment">//&#32;precision&#32;1e-6</emphasis>
<anchor xml:id="__demo_client_8cs_source_1l00186"/>00186 &#32;&#32;&#32;&#32;&#32;&#32;&#32;&#32;&#32;&#32;&#32;&#32;points.Add(<emphasis role="keyword">new</emphasis>&#32;<link linkend="_class_demo_client_1_1_route_point">RoutePoint</link>&#32;{&#32;Lat&#32;=&#32;lat&#32;/&#32;1e6,&#32;Lon&#32;=&#32;lon&#32;/&#32;1e6&#32;});
<anchor xml:id="__demo_client_8cs_source_1l00187"/>00187 &#32;&#32;&#32;&#32;&#32;&#32;&#32;&#32;}
<anchor xml:id="__demo_client_8cs_source_1l00188"/>00188 &#32;&#32;&#32;&#32;&#32;&#32;&#32;&#32;<emphasis role="keywordflow">return</emphasis>&#32;points;
<anchor xml:id="__demo_client_8cs_source_1l00189"/>00189 &#32;&#32;&#32;&#32;}
<anchor xml:id="__demo_client_8cs_source_1l00190"/>00190 
<anchor xml:id="__demo_client_8cs_source_1l00191"/>00191 &#32;&#32;&#32;&#32;<emphasis role="comment">//&#32;----------&#32;Models&#32;----------</emphasis>
<anchor xml:id="__demo_client_8cs_source_1l00192"/>00192 
<anchor xml:id="__demo_client_8cs_source_1l00193"/><link linkend="_class_demo_client_1_1_geo_response">00193</link> &#32;&#32;&#32;&#32;<emphasis role="keyword">public</emphasis>&#32;<emphasis role="keyword">class&#32;</emphasis><link linkend="_class_demo_client_1_1_geo_response">GeoResponse</link>
<anchor xml:id="__demo_client_8cs_source_1l00194"/>00194 &#32;&#32;&#32;&#32;{
<anchor xml:id="__demo_client_8cs_source_1l00195"/><link linkend="_class_demo_client_1_1_geo_response_1ab1817e5268cbf28baf82654041c32a15">00195</link> &#32;&#32;&#32;&#32;&#32;&#32;&#32;&#32;[JsonPropertyName(<emphasis role="stringliteral">&quot;latitude&quot;</emphasis>)]&#32;&#32;<emphasis role="keyword">public</emphasis>&#32;<emphasis role="keywordtype">double</emphasis>&#32;<link linkend="_class_demo_client_1_1_geo_response_1ab1817e5268cbf28baf82654041c32a15">Latitude</link>&#32;&#32;{&#32;<emphasis role="keyword">get</emphasis>;&#32;<emphasis role="keyword">set</emphasis>;&#32;}
<anchor xml:id="__demo_client_8cs_source_1l00196"/><link linkend="_class_demo_client_1_1_geo_response_1a42876427bd6104eda9d16001aab67b6c">00196</link> &#32;&#32;&#32;&#32;&#32;&#32;&#32;&#32;[JsonPropertyName(<emphasis role="stringliteral">&quot;longitude&quot;</emphasis>)]&#32;<emphasis role="keyword">public</emphasis>&#32;<emphasis role="keywordtype">double</emphasis>&#32;<link linkend="_class_demo_client_1_1_geo_response_1a42876427bd6104eda9d16001aab67b6c">Longitude</link>&#32;{&#32;<emphasis role="keyword">get</emphasis>;&#32;<emphasis role="keyword">set</emphasis>;&#32;}
<anchor xml:id="__demo_client_8cs_source_1l00197"/><link linkend="_class_demo_client_1_1_geo_response_1acdc093d13b961d14f1246902942cb00f">00197</link> &#32;&#32;&#32;&#32;&#32;&#32;&#32;&#32;[JsonPropertyName(<emphasis role="stringliteral">&quot;displayName&quot;</emphasis>)]&#32;<emphasis role="keyword">public</emphasis>&#32;<emphasis role="keywordtype">string</emphasis>&#32;<link linkend="_class_demo_client_1_1_geo_response_1acdc093d13b961d14f1246902942cb00f">DisplayName</link>&#32;{&#32;<emphasis role="keyword">get</emphasis>;&#32;<emphasis role="keyword">set</emphasis>;&#32;}&#32;=&#32;<emphasis role="stringliteral">&quot;&quot;</emphasis>;
<anchor xml:id="__demo_client_8cs_source_1l00198"/>00198 &#32;&#32;&#32;&#32;}
<anchor xml:id="__demo_client_8cs_source_1l00199"/>00199 
<anchor xml:id="__demo_client_8cs_source_1l00200"/>00200 &#32;&#32;&#32;&#32;<emphasis role="comment">//&#32;Wire&#32;model&#32;for&#32;/api/route</emphasis>
<anchor xml:id="__demo_client_8cs_source_1l00201"/><link linkend="_class_demo_client_1_1_route_wire">00201</link> &#32;&#32;&#32;&#32;<emphasis role="keyword">public</emphasis>&#32;<emphasis role="keyword">class&#32;</emphasis><link linkend="_class_demo_client_1_1_route_wire">RouteWire</link>
<anchor xml:id="__demo_client_8cs_source_1l00202"/>00202 &#32;&#32;&#32;&#32;{
<anchor xml:id="__demo_client_8cs_source_1l00203"/><link linkend="_class_demo_client_1_1_route_wire_1a7e3927269099ccd9f3843ef5605301e9">00203</link> &#32;&#32;&#32;&#32;&#32;&#32;&#32;&#32;[JsonPropertyName(<emphasis role="stringliteral">&quot;distanceKm&quot;</emphasis>)]&#32;&#32;&#32;&#32;&#32;&#32;<emphasis role="keyword">public</emphasis>&#32;<emphasis role="keywordtype">double</emphasis>&#32;<link linkend="_class_demo_client_1_1_route_wire_1a7e3927269099ccd9f3843ef5605301e9">DistanceKm</link>&#32;{&#32;<emphasis role="keyword">get</emphasis>;&#32;<emphasis role="keyword">set</emphasis>;&#32;}
<anchor xml:id="__demo_client_8cs_source_1l00204"/><link linkend="_class_demo_client_1_1_route_wire_1adcaaf0c80524fdcaa1064bda1eceb736">00204</link> &#32;&#32;&#32;&#32;&#32;&#32;&#32;&#32;[JsonPropertyName(<emphasis role="stringliteral">&quot;durationMinutes&quot;</emphasis>)]&#32;<emphasis role="keyword">public</emphasis>&#32;<emphasis role="keywordtype">double</emphasis>&#32;<link linkend="_class_demo_client_1_1_route_wire_1adcaaf0c80524fdcaa1064bda1eceb736">DurationMinutes</link>&#32;{&#32;<emphasis role="keyword">get</emphasis>;&#32;<emphasis role="keyword">set</emphasis>;&#32;}
<anchor xml:id="__demo_client_8cs_source_1l00205"/><link linkend="_class_demo_client_1_1_route_wire_1ad889932ff78a168396d1bbf67c722bc8">00205</link> &#32;&#32;&#32;&#32;&#32;&#32;&#32;&#32;[JsonPropertyName(<emphasis role="stringliteral">&quot;polyline&quot;</emphasis>)]&#32;&#32;&#32;&#32;&#32;&#32;&#32;&#32;<emphasis role="keyword">public</emphasis>&#32;<emphasis role="keywordtype">string</emphasis>&#32;<link linkend="_class_demo_client_1_1_route_wire_1ad889932ff78a168396d1bbf67c722bc8">Polyline</link>&#32;{&#32;<emphasis role="keyword">get</emphasis>;&#32;<emphasis role="keyword">set</emphasis>;&#32;}&#32;=&#32;<emphasis role="stringliteral">&quot;&quot;</emphasis>;
<anchor xml:id="__demo_client_8cs_source_1l00206"/>00206 &#32;&#32;&#32;&#32;}
<anchor xml:id="__demo_client_8cs_source_1l00207"/>00207 
<anchor xml:id="__demo_client_8cs_source_1l00208"/><link linkend="_class_demo_client_1_1_route_point_1ac022c2ed5f146425df2604738b150fa3">00208</link> &#32;&#32;&#32;&#32;<emphasis role="keyword">public</emphasis>&#32;<emphasis role="keyword">class&#32;</emphasis><link linkend="_class_demo_client_1_1_route_point">RoutePoint</link>&#32;{&#32;<emphasis role="keyword">public</emphasis>&#32;<emphasis role="keywordtype">double</emphasis>&#32;<link linkend="_class_demo_client_1_1_route_point_1ac022c2ed5f146425df2604738b150fa3">Lat</link>&#32;{&#32;<emphasis role="keyword">get</emphasis>;&#32;<emphasis role="keyword">set</emphasis>;&#32;}&#32;<emphasis role="keyword">public</emphasis>&#32;<emphasis role="keywordtype">double</emphasis>&#32;<link linkend="_class_demo_client_1_1_route_point_1a3b424723e33460dd9b1ad9019af82e9c">Lon</link>&#32;{&#32;<emphasis role="keyword">get</emphasis>;&#32;<emphasis role="keyword">set</emphasis>;&#32;}&#32;}
<anchor xml:id="__demo_client_8cs_source_1l00209"/>00209 
<anchor xml:id="__demo_client_8cs_source_1l00210"/>00210 &#32;&#32;&#32;&#32;<emphasis role="comment">//&#32;Exact&#32;names&#32;from&#32;your&#32;estimate&#32;response</emphasis>
<anchor xml:id="__demo_client_8cs_source_1l00211"/><link linkend="_class_demo_client_1_1_estimate_response">00211</link> &#32;&#32;&#32;&#32;<emphasis role="keyword">public</emphasis>&#32;<emphasis role="keyword">class&#32;</emphasis><link linkend="_class_demo_client_1_1_estimate_response">EstimateResponse</link>
<anchor xml:id="__demo_client_8cs_source_1l00212"/>00212 &#32;&#32;&#32;&#32;{
<anchor xml:id="__demo_client_8cs_source_1l00213"/><link linkend="_class_demo_client_1_1_estimate_response_1a55f16a1025355af2d6d34f8ce54163a2">00213</link> &#32;&#32;&#32;&#32;&#32;&#32;&#32;&#32;[JsonPropertyName(<emphasis role="stringliteral">&quot;fare&quot;</emphasis>)]&#32;&#32;&#32;&#32;&#32;&#32;&#32;&#32;&#32;&#32;&#32;&#32;<emphasis role="keyword">public</emphasis>&#32;<emphasis role="keywordtype">double</emphasis>&#32;<link linkend="_class_demo_client_1_1_estimate_response_1a55f16a1025355af2d6d34f8ce54163a2">Fare</link>&#32;{&#32;<emphasis role="keyword">get</emphasis>;&#32;<emphasis role="keyword">set</emphasis>;&#32;}
<anchor xml:id="__demo_client_8cs_source_1l00214"/><link linkend="_class_demo_client_1_1_estimate_response_1a1cf7469cb4ca0e8a28238425f8e5d85f">00214</link> &#32;&#32;&#32;&#32;&#32;&#32;&#32;&#32;[JsonPropertyName(<emphasis role="stringliteral">&quot;distanceKm&quot;</emphasis>)]&#32;&#32;&#32;&#32;&#32;&#32;<emphasis role="keyword">public</emphasis>&#32;<emphasis role="keywordtype">double</emphasis>&#32;<link linkend="_class_demo_client_1_1_estimate_response_1a1cf7469cb4ca0e8a28238425f8e5d85f">DistanceKm</link>&#32;{&#32;<emphasis role="keyword">get</emphasis>;&#32;<emphasis role="keyword">set</emphasis>;&#32;}
<anchor xml:id="__demo_client_8cs_source_1l00215"/><link linkend="_class_demo_client_1_1_estimate_response_1a4f11144066e4c74f76ddc5429769427a">00215</link> &#32;&#32;&#32;&#32;&#32;&#32;&#32;&#32;[JsonPropertyName(<emphasis role="stringliteral">&quot;durationMinutes&quot;</emphasis>)]&#32;<emphasis role="keyword">public</emphasis>&#32;<emphasis role="keywordtype">double</emphasis>&#32;<link linkend="_class_demo_client_1_1_estimate_response_1a4f11144066e4c74f76ddc5429769427a">DurationMinutes</link>&#32;{&#32;<emphasis role="keyword">get</emphasis>;&#32;<emphasis role="keyword">set</emphasis>;&#32;}
<anchor xml:id="__demo_client_8cs_source_1l00216"/>00216 &#32;&#32;&#32;&#32;}
<anchor xml:id="__demo_client_8cs_source_1l00217"/>00217 
<anchor xml:id="__demo_client_8cs_source_1l00218"/><link linkend="_class_demo_client_1_1_fare_response_1ad0c721240b53731cfc01fc5339013be3">00218</link> &#32;&#32;&#32;&#32;<emphasis role="keyword">public</emphasis>&#32;<emphasis role="keyword">class&#32;</emphasis><link linkend="_class_demo_client_1_1_fare_response">FareResponse</link>&#32;{&#32;<emphasis role="keyword">public</emphasis>&#32;<emphasis role="keywordtype">double</emphasis>&#32;<link linkend="_class_demo_client_1_1_fare_response_1ad0c721240b53731cfc01fc5339013be3">TotalFare</link>&#32;{&#32;<emphasis role="keyword">get</emphasis>;&#32;<emphasis role="keyword">set</emphasis>;&#32;}&#32;}
<anchor xml:id="__demo_client_8cs_source_1l00219"/>00219 }
</programlisting></section>
