<?xml version='1.0' encoding='UTF-8' standalone='no'?>
<section xmlns="http://docbook.org/ns/docbook" version="5.0" xmlns:xlink="http://www.w3.org/1999/xlink" xml:id="__estimate_controller_8cs_source" xml:lang="en-US">
<title>EstimateController.cs</title>
<indexterm><primary>Guber.CoordinatesApi/Controllers/EstimateController.cs</primary></indexterm>
Go to the documentation of this file.<programlisting linenumbering="unnumbered"><anchor xml:id="__estimate_controller_8cs_source_1l00001"/>00001 <emphasis role="keyword">using&#32;</emphasis><link linkend="_namespace_guber_1_1_coordinates_api_1_1_models">Guber.CoordinatesApi.Models</link>;
<anchor xml:id="__estimate_controller_8cs_source_1l00002"/>00002 <emphasis role="keyword">using&#32;</emphasis><link linkend="_namespace_guber_1_1_coordinates_api_1_1_services">Guber.CoordinatesApi.Services</link>;
<anchor xml:id="__estimate_controller_8cs_source_1l00003"/>00003 <emphasis role="keyword">using&#32;</emphasis>Microsoft.AspNetCore.Mvc;
<anchor xml:id="__estimate_controller_8cs_source_1l00004"/>00004 
<anchor xml:id="__estimate_controller_8cs_source_1l00005"/><link linkend="_namespace_guber">00005</link> <emphasis role="keyword">namespace&#32;</emphasis><link linkend="_namespace_guber_1_1_coordinates_api_1_1_controllers">Guber.CoordinatesApi.Controllers</link>;
<anchor xml:id="__estimate_controller_8cs_source_1l00006"/>00006 
<anchor xml:id="__estimate_controller_8cs_source_1l00007"/>00007 [ApiController]
<anchor xml:id="__estimate_controller_8cs_source_1l00008"/>00008 [Route(<emphasis role="stringliteral">&quot;api/estimate&quot;</emphasis>)]
<anchor xml:id="__estimate_controller_8cs_source_1l00009"/><link linkend="_class_guber_1_1_coordinates_api_1_1_controllers_1_1_estimate_controller">00009</link> <emphasis role="keyword">public</emphasis>&#32;<emphasis role="keyword">sealed</emphasis>&#32;<emphasis role="keyword">class&#32;</emphasis><link linkend="_class_guber_1_1_coordinates_api_1_1_controllers_1_1_estimate_controller_1a0403c5e8b2c8e0858ca610fda3f73a3a">EstimateController</link>&#32;:&#32;ControllerBase
<anchor xml:id="__estimate_controller_8cs_source_1l00010"/>00010 {
<anchor xml:id="__estimate_controller_8cs_source_1l00011"/>00011 &#32;&#32;&#32;&#32;<emphasis role="keyword">private</emphasis>&#32;readonly&#32;<link linkend="_interface_guber_1_1_coordinates_api_1_1_services_1_1_i_estimate_service">IEstimateService</link>&#32;_estimate;
<anchor xml:id="__estimate_controller_8cs_source_1l00012"/>00012 &#32;&#32;&#32;&#32;<emphasis role="keyword">private</emphasis>&#32;readonly&#32;ILogger&lt;EstimateController&gt;&#32;_logger;
<anchor xml:id="__estimate_controller_8cs_source_1l00013"/>00013 
<anchor xml:id="__estimate_controller_8cs_source_1l00014"/><link linkend="_class_guber_1_1_coordinates_api_1_1_controllers_1_1_estimate_controller_1a0403c5e8b2c8e0858ca610fda3f73a3a">00014</link> &#32;&#32;&#32;&#32;<emphasis role="keyword">public</emphasis>&#32;<link linkend="_class_guber_1_1_coordinates_api_1_1_controllers_1_1_estimate_controller_1a0403c5e8b2c8e0858ca610fda3f73a3a">EstimateController</link>(<link linkend="_interface_guber_1_1_coordinates_api_1_1_services_1_1_i_estimate_service">IEstimateService</link>&#32;estimate,&#32;ILogger&lt;EstimateController&gt;&#32;logger)
<anchor xml:id="__estimate_controller_8cs_source_1l00015"/>00015 &#32;&#32;&#32;&#32;{
<anchor xml:id="__estimate_controller_8cs_source_1l00016"/>00016 &#32;&#32;&#32;&#32;&#32;&#32;&#32;&#32;_estimate&#32;=&#32;estimate;
<anchor xml:id="__estimate_controller_8cs_source_1l00017"/>00017 &#32;&#32;&#32;&#32;&#32;&#32;&#32;&#32;_logger&#32;=&#32;logger;
<anchor xml:id="__estimate_controller_8cs_source_1l00018"/>00018 &#32;&#32;&#32;&#32;}
<anchor xml:id="__estimate_controller_8cs_source_1l00019"/>00019 
<anchor xml:id="__estimate_controller_8cs_source_1l00023"/>00023 &#32;&#32;&#32;&#32;[HttpPost]
<anchor xml:id="__estimate_controller_8cs_source_1l00024"/><link linkend="_class_guber_1_1_coordinates_api_1_1_controllers_1_1_estimate_controller_1a06de8d8fff3a5abed02e1d088f8975f0">00024</link> &#32;&#32;&#32;&#32;<emphasis role="keyword">public</emphasis>&#32;async&#32;Task&lt;IActionResult&gt;&#32;<link linkend="_class_guber_1_1_coordinates_api_1_1_controllers_1_1_estimate_controller_1a06de8d8fff3a5abed02e1d088f8975f0">Estimate</link>([FromBody]&#32;<link linkend="_namespace_guber_1_1_coordinates_api_1_1_models_1a373d8383d699b36425e5ff1427191e84">EstimateRequest</link>&#32;req,&#32;CancellationToken&#32;ct)
<anchor xml:id="__estimate_controller_8cs_source_1l00025"/>00025 &#32;&#32;&#32;&#32;{
<anchor xml:id="__estimate_controller_8cs_source_1l00026"/>00026 &#32;&#32;&#32;&#32;&#32;&#32;&#32;&#32;<emphasis role="keywordflow">if</emphasis>&#32;(<emphasis role="keywordtype">string</emphasis>.IsNullOrWhiteSpace(req.PickupAddress)&#32;||&#32;<emphasis role="keywordtype">string</emphasis>.IsNullOrWhiteSpace(req.DestinationAddress))
<anchor xml:id="__estimate_controller_8cs_source_1l00027"/>00027 &#32;&#32;&#32;&#32;&#32;&#32;&#32;&#32;&#32;&#32;&#32;&#32;<emphasis role="keywordflow">return</emphasis>&#32;BadRequest(<emphasis role="keyword">new</emphasis>&#32;{&#32;error&#32;=&#32;<emphasis role="stringliteral">&quot;Both&#32;pickupAddress&#32;and&#32;destinationAddress&#32;are&#32;required.&quot;</emphasis>&#32;});
<anchor xml:id="__estimate_controller_8cs_source_1l00028"/>00028 
<anchor xml:id="__estimate_controller_8cs_source_1l00029"/>00029 &#32;&#32;&#32;&#32;&#32;&#32;&#32;&#32;<emphasis role="keywordflow">try</emphasis>
<anchor xml:id="__estimate_controller_8cs_source_1l00030"/>00030 &#32;&#32;&#32;&#32;&#32;&#32;&#32;&#32;{
<anchor xml:id="__estimate_controller_8cs_source_1l00031"/>00031 &#32;&#32;&#32;&#32;&#32;&#32;&#32;&#32;&#32;&#32;&#32;&#32;var&#32;result&#32;=&#32;await&#32;_estimate.GetEstimateAsync(req,&#32;ct);
<anchor xml:id="__estimate_controller_8cs_source_1l00032"/>00032 &#32;&#32;&#32;&#32;&#32;&#32;&#32;&#32;&#32;&#32;&#32;&#32;<emphasis role="keywordflow">return</emphasis>&#32;Ok(result);
<anchor xml:id="__estimate_controller_8cs_source_1l00033"/>00033 &#32;&#32;&#32;&#32;&#32;&#32;&#32;&#32;}
<anchor xml:id="__estimate_controller_8cs_source_1l00034"/>00034 &#32;&#32;&#32;&#32;&#32;&#32;&#32;&#32;<emphasis role="keywordflow">catch</emphasis>&#32;(Exception&#32;ex)
<anchor xml:id="__estimate_controller_8cs_source_1l00035"/>00035 &#32;&#32;&#32;&#32;&#32;&#32;&#32;&#32;{
<anchor xml:id="__estimate_controller_8cs_source_1l00036"/>00036 &#32;&#32;&#32;&#32;&#32;&#32;&#32;&#32;&#32;&#32;&#32;&#32;_logger.LogError(ex,&#32;<emphasis role="stringliteral">&quot;Error&#32;estimating&#32;route.&quot;</emphasis>);
<anchor xml:id="__estimate_controller_8cs_source_1l00037"/>00037 &#32;&#32;&#32;&#32;&#32;&#32;&#32;&#32;&#32;&#32;&#32;&#32;<emphasis role="keywordflow">return</emphasis>&#32;StatusCode(500,&#32;<emphasis role="keyword">new</emphasis>&#32;{&#32;error&#32;=&#32;ex.Message&#32;});
<anchor xml:id="__estimate_controller_8cs_source_1l00038"/>00038 &#32;&#32;&#32;&#32;&#32;&#32;&#32;&#32;}
<anchor xml:id="__estimate_controller_8cs_source_1l00039"/>00039 &#32;&#32;&#32;&#32;}
<anchor xml:id="__estimate_controller_8cs_source_1l00040"/>00040 }
</programlisting></section>
