<?xml version='1.0' encoding='UTF-8' standalone='no'?>
<section xmlns="http://docbook.org/ns/docbook" version="5.0" xmlns:xlink="http://www.w3.org/1999/xlink" xml:id="__estimate_service_8cs_source" xml:lang="en-US">
<title>EstimateService.cs</title>
<indexterm><primary>Guber.CoordinatesApi/Services/EstimateService.cs</primary></indexterm>
Go to the documentation of this file.<programlisting linenumbering="unnumbered"><anchor xml:id="__estimate_service_8cs_source_1l00001"/>00001 <emphasis role="keyword">using&#32;</emphasis><link linkend="_namespace_guber_1_1_coordinates_api_1_1_models">Guber.CoordinatesApi.Models</link>;
<anchor xml:id="__estimate_service_8cs_source_1l00002"/>00002 
<anchor xml:id="__estimate_service_8cs_source_1l00003"/><link linkend="_namespace_guber_1_1_coordinates_api_1_1_services">00003</link> <emphasis role="keyword">namespace&#32;</emphasis><link linkend="_namespace_guber_1_1_coordinates_api_1_1_services">Guber.CoordinatesApi.Services</link>;
<anchor xml:id="__estimate_service_8cs_source_1l00004"/>00004 
<anchor xml:id="__estimate_service_8cs_source_1l00005"/><link linkend="_interface_guber_1_1_coordinates_api_1_1_services_1_1_i_estimate_service">00005</link> <emphasis role="keyword">public</emphasis>&#32;<emphasis role="keyword">interface&#32;</emphasis><link linkend="_interface_guber_1_1_coordinates_api_1_1_services_1_1_i_estimate_service">IEstimateService</link>
<anchor xml:id="__estimate_service_8cs_source_1l00006"/>00006 {
<anchor xml:id="__estimate_service_8cs_source_1l00007"/><link linkend="_interface_guber_1_1_coordinates_api_1_1_services_1_1_i_estimate_service_1a31960aac440da95e8ba494025e1ebf5e">00007</link> &#32;&#32;&#32;&#32;Task&lt;EstimateResponse&gt;&#32;<link linkend="_interface_guber_1_1_coordinates_api_1_1_services_1_1_i_estimate_service_1a31960aac440da95e8ba494025e1ebf5e">GetEstimateAsync</link>(<link linkend="_namespace_guber_1_1_coordinates_api_1_1_models_1a373d8383d699b36425e5ff1427191e84">EstimateRequest</link>&#32;req,&#32;CancellationToken&#32;ct&#32;=&#32;<emphasis role="keywordflow">default</emphasis>);
<anchor xml:id="__estimate_service_8cs_source_1l00008"/>00008 }
<anchor xml:id="__estimate_service_8cs_source_1l00009"/>00009 
<anchor xml:id="__estimate_service_8cs_source_1l00010"/><link linkend="_class_guber_1_1_coordinates_api_1_1_services_1_1_estimate_service">00010</link> <emphasis role="keyword">public</emphasis>&#32;<emphasis role="keyword">sealed</emphasis>&#32;<emphasis role="keyword">class&#32;</emphasis><link linkend="_class_guber_1_1_coordinates_api_1_1_services_1_1_estimate_service_1ac0e9f92ff860f7557b0713a92936c717">EstimateService</link>&#32;:&#32;<link linkend="_interface_guber_1_1_coordinates_api_1_1_services_1_1_i_estimate_service">IEstimateService</link>
<anchor xml:id="__estimate_service_8cs_source_1l00011"/>00011 {
<anchor xml:id="__estimate_service_8cs_source_1l00012"/>00012 &#32;&#32;&#32;&#32;<emphasis role="keyword">private</emphasis>&#32;readonly&#32;<link linkend="_interface_guber_1_1_coordinates_api_1_1_services_1_1_i_geocoding_service">IGeocodingService</link>&#32;_geo;
<anchor xml:id="__estimate_service_8cs_source_1l00013"/>00013 &#32;&#32;&#32;&#32;<emphasis role="keyword">private</emphasis>&#32;readonly&#32;<link linkend="_interface_guber_1_1_coordinates_api_1_1_services_1_1_i_routing_service">IRoutingService</link>&#32;_route;
<anchor xml:id="__estimate_service_8cs_source_1l00014"/>00014 &#32;&#32;&#32;&#32;<emphasis role="keyword">private</emphasis>&#32;readonly&#32;<link linkend="_interface_guber_1_1_coordinates_api_1_1_services_1_1_i_fare_service">IFareService</link>&#32;_fare;
<anchor xml:id="__estimate_service_8cs_source_1l00015"/>00015 &#32;&#32;&#32;&#32;<emphasis role="keyword">private</emphasis>&#32;readonly&#32;ILogger&lt;EstimateService&gt;&#32;_logger;
<anchor xml:id="__estimate_service_8cs_source_1l00016"/>00016 
<anchor xml:id="__estimate_service_8cs_source_1l00017"/><link linkend="_class_guber_1_1_coordinates_api_1_1_services_1_1_estimate_service_1ac0e9f92ff860f7557b0713a92936c717">00017</link> &#32;&#32;&#32;&#32;<emphasis role="keyword">public</emphasis>&#32;<link linkend="_class_guber_1_1_coordinates_api_1_1_services_1_1_estimate_service_1ac0e9f92ff860f7557b0713a92936c717">EstimateService</link>(
<anchor xml:id="__estimate_service_8cs_source_1l00018"/>00018 &#32;&#32;&#32;&#32;&#32;&#32;&#32;&#32;<link linkend="_interface_guber_1_1_coordinates_api_1_1_services_1_1_i_geocoding_service">IGeocodingService</link>&#32;geo,
<anchor xml:id="__estimate_service_8cs_source_1l00019"/>00019 &#32;&#32;&#32;&#32;&#32;&#32;&#32;&#32;<link linkend="_interface_guber_1_1_coordinates_api_1_1_services_1_1_i_routing_service">IRoutingService</link>&#32;route,
<anchor xml:id="__estimate_service_8cs_source_1l00020"/>00020 &#32;&#32;&#32;&#32;&#32;&#32;&#32;&#32;<link linkend="_interface_guber_1_1_coordinates_api_1_1_services_1_1_i_fare_service">IFareService</link>&#32;fare,
<anchor xml:id="__estimate_service_8cs_source_1l00021"/>00021 &#32;&#32;&#32;&#32;&#32;&#32;&#32;&#32;ILogger&lt;EstimateService&gt;&#32;logger)
<anchor xml:id="__estimate_service_8cs_source_1l00022"/>00022 &#32;&#32;&#32;&#32;{
<anchor xml:id="__estimate_service_8cs_source_1l00023"/>00023 &#32;&#32;&#32;&#32;&#32;&#32;&#32;&#32;_geo&#32;=&#32;geo;
<anchor xml:id="__estimate_service_8cs_source_1l00024"/>00024 &#32;&#32;&#32;&#32;&#32;&#32;&#32;&#32;_route&#32;=&#32;route;
<anchor xml:id="__estimate_service_8cs_source_1l00025"/>00025 &#32;&#32;&#32;&#32;&#32;&#32;&#32;&#32;_fare&#32;=&#32;fare;
<anchor xml:id="__estimate_service_8cs_source_1l00026"/>00026 &#32;&#32;&#32;&#32;&#32;&#32;&#32;&#32;_logger&#32;=&#32;logger;
<anchor xml:id="__estimate_service_8cs_source_1l00027"/>00027 &#32;&#32;&#32;&#32;}
<anchor xml:id="__estimate_service_8cs_source_1l00028"/>00028 
<anchor xml:id="__estimate_service_8cs_source_1l00029"/><link linkend="_class_guber_1_1_coordinates_api_1_1_services_1_1_estimate_service_1a16b9352ebc5a212f9c8d8766baa1cfc8">00029</link> &#32;&#32;&#32;&#32;<emphasis role="keyword">public</emphasis>&#32;async&#32;Task&lt;EstimateResponse&gt;&#32;<link linkend="_class_guber_1_1_coordinates_api_1_1_services_1_1_estimate_service_1a16b9352ebc5a212f9c8d8766baa1cfc8">GetEstimateAsync</link>(<link linkend="_namespace_guber_1_1_coordinates_api_1_1_models_1a373d8383d699b36425e5ff1427191e84">EstimateRequest</link>&#32;req,&#32;CancellationToken&#32;ct&#32;=&#32;<emphasis role="keywordflow">default</emphasis>)
<anchor xml:id="__estimate_service_8cs_source_1l00030"/>00030 &#32;&#32;&#32;&#32;{
<anchor xml:id="__estimate_service_8cs_source_1l00031"/>00031 &#32;&#32;&#32;&#32;&#32;&#32;&#32;&#32;_logger.LogInformation(<emphasis role="stringliteral">&quot;Estimating&#32;trip&#32;from&#32;{pickup}&#32;to&#32;{destination}&quot;</emphasis>,&#32;req.PickupAddress,&#32;req.DestinationAddress);
<anchor xml:id="__estimate_service_8cs_source_1l00032"/>00032 
<anchor xml:id="__estimate_service_8cs_source_1l00033"/>00033 &#32;&#32;&#32;&#32;&#32;&#32;&#32;&#32;<emphasis role="comment">//&#32;Step&#32;1:&#32;Geocode&#32;pickup</emphasis>
<anchor xml:id="__estimate_service_8cs_source_1l00034"/>00034 &#32;&#32;&#32;&#32;&#32;&#32;&#32;&#32;var&#32;pickup&#32;=&#32;await&#32;_geo.GeocodeAsync(req.PickupAddress,&#32;ct);
<anchor xml:id="__estimate_service_8cs_source_1l00035"/>00035 &#32;&#32;&#32;&#32;&#32;&#32;&#32;&#32;<emphasis role="keywordflow">if</emphasis>&#32;(pickup&#32;is&#32;<emphasis role="keyword">null</emphasis>)
<anchor xml:id="__estimate_service_8cs_source_1l00036"/>00036 &#32;&#32;&#32;&#32;&#32;&#32;&#32;&#32;&#32;&#32;&#32;&#32;<emphasis role="keywordflow">throw</emphasis>&#32;<emphasis role="keyword">new</emphasis>&#32;InvalidOperationException($<emphasis role="stringliteral">&quot;Could&#32;not&#32;geocode&#32;pickup:&#32;{req.PickupAddress}&quot;</emphasis>);
<anchor xml:id="__estimate_service_8cs_source_1l00037"/>00037 
<anchor xml:id="__estimate_service_8cs_source_1l00038"/>00038 &#32;&#32;&#32;&#32;&#32;&#32;&#32;&#32;<emphasis role="comment">//&#32;Step&#32;2:&#32;Geocode&#32;destination</emphasis>
<anchor xml:id="__estimate_service_8cs_source_1l00039"/>00039 &#32;&#32;&#32;&#32;&#32;&#32;&#32;&#32;var&#32;dest&#32;=&#32;await&#32;_geo.GeocodeAsync(req.DestinationAddress,&#32;ct);
<anchor xml:id="__estimate_service_8cs_source_1l00040"/>00040 &#32;&#32;&#32;&#32;&#32;&#32;&#32;&#32;<emphasis role="keywordflow">if</emphasis>&#32;(dest&#32;is&#32;<emphasis role="keyword">null</emphasis>)
<anchor xml:id="__estimate_service_8cs_source_1l00041"/>00041 &#32;&#32;&#32;&#32;&#32;&#32;&#32;&#32;&#32;&#32;&#32;&#32;<emphasis role="keywordflow">throw</emphasis>&#32;<emphasis role="keyword">new</emphasis>&#32;InvalidOperationException($<emphasis role="stringliteral">&quot;Could&#32;not&#32;geocode&#32;destination:&#32;{req.DestinationAddress}&quot;</emphasis>);
<anchor xml:id="__estimate_service_8cs_source_1l00042"/>00042 
<anchor xml:id="__estimate_service_8cs_source_1l00043"/>00043 &#32;&#32;&#32;&#32;&#32;&#32;&#32;&#32;<emphasis role="comment">//&#32;Step&#32;3:&#32;Get&#32;route</emphasis>
<anchor xml:id="__estimate_service_8cs_source_1l00044"/>00044 &#32;&#32;&#32;&#32;&#32;&#32;&#32;&#32;var&#32;routeReq&#32;=&#32;<emphasis role="keyword">new</emphasis>&#32;<link linkend="_namespace_guber_1_1_coordinates_api_1_1_models_1a1857adb7d55a2a6ff25a5357f51d0a4b">RouteRequest</link>(pickup.Latitude,&#32;pickup.Longitude,&#32;dest.Latitude,&#32;dest.Longitude);
<anchor xml:id="__estimate_service_8cs_source_1l00045"/>00045 &#32;&#32;&#32;&#32;&#32;&#32;&#32;&#32;var&#32;route&#32;=&#32;await&#32;_route.GetRouteAsync(routeReq,&#32;ct);
<anchor xml:id="__estimate_service_8cs_source_1l00046"/>00046 
<anchor xml:id="__estimate_service_8cs_source_1l00047"/>00047 &#32;&#32;&#32;&#32;&#32;&#32;&#32;&#32;<emphasis role="comment">//&#32;Step&#32;4:&#32;Calculate&#32;fare</emphasis>
<anchor xml:id="__estimate_service_8cs_source_1l00048"/>00048 &#32;&#32;&#32;&#32;&#32;&#32;&#32;&#32;var&#32;fare&#32;=&#32;_fare.Calculate(route.DistanceKm);
<anchor xml:id="__estimate_service_8cs_source_1l00049"/>00049 
<anchor xml:id="__estimate_service_8cs_source_1l00050"/>00050 &#32;&#32;&#32;&#32;&#32;&#32;&#32;&#32;<emphasis role="comment">//&#32;Step&#32;5:&#32;Return&#32;combined&#32;response</emphasis>
<anchor xml:id="__estimate_service_8cs_source_1l00051"/>00051 &#32;&#32;&#32;&#32;&#32;&#32;&#32;&#32;<emphasis role="keywordflow">return</emphasis>&#32;<emphasis role="keyword">new</emphasis>&#32;<link linkend="_namespace_guber_1_1_coordinates_api_1_1_models_1a29c46bc321f7a18764888b8acd2bcf2e">EstimateResponse</link>(
<anchor xml:id="__estimate_service_8cs_source_1l00052"/>00052 &#32;&#32;&#32;&#32;&#32;&#32;&#32;&#32;&#32;&#32;&#32;&#32;req.PickupAddress,
<anchor xml:id="__estimate_service_8cs_source_1l00053"/>00053 &#32;&#32;&#32;&#32;&#32;&#32;&#32;&#32;&#32;&#32;&#32;&#32;req.DestinationAddress,
<anchor xml:id="__estimate_service_8cs_source_1l00054"/>00054 &#32;&#32;&#32;&#32;&#32;&#32;&#32;&#32;&#32;&#32;&#32;&#32;pickup.Latitude,
<anchor xml:id="__estimate_service_8cs_source_1l00055"/>00055 &#32;&#32;&#32;&#32;&#32;&#32;&#32;&#32;&#32;&#32;&#32;&#32;pickup.Longitude,
<anchor xml:id="__estimate_service_8cs_source_1l00056"/>00056 &#32;&#32;&#32;&#32;&#32;&#32;&#32;&#32;&#32;&#32;&#32;&#32;dest.Latitude,
<anchor xml:id="__estimate_service_8cs_source_1l00057"/>00057 &#32;&#32;&#32;&#32;&#32;&#32;&#32;&#32;&#32;&#32;&#32;&#32;dest.Longitude,
<anchor xml:id="__estimate_service_8cs_source_1l00058"/>00058 &#32;&#32;&#32;&#32;&#32;&#32;&#32;&#32;&#32;&#32;&#32;&#32;route.DistanceKm,
<anchor xml:id="__estimate_service_8cs_source_1l00059"/>00059 &#32;&#32;&#32;&#32;&#32;&#32;&#32;&#32;&#32;&#32;&#32;&#32;route.DurationMinutes,
<anchor xml:id="__estimate_service_8cs_source_1l00060"/>00060 &#32;&#32;&#32;&#32;&#32;&#32;&#32;&#32;&#32;&#32;&#32;&#32;fare.TotalFare,
<anchor xml:id="__estimate_service_8cs_source_1l00061"/>00061 &#32;&#32;&#32;&#32;&#32;&#32;&#32;&#32;&#32;&#32;&#32;&#32;route.Polyline
<anchor xml:id="__estimate_service_8cs_source_1l00062"/>00062 &#32;&#32;&#32;&#32;&#32;&#32;&#32;&#32;);
<anchor xml:id="__estimate_service_8cs_source_1l00063"/>00063 &#32;&#32;&#32;&#32;}
<anchor xml:id="__estimate_service_8cs_source_1l00064"/>00064 }
</programlisting></section>
