<?xml version='1.0' encoding='UTF-8' standalone='no'?>
<section xmlns="http://docbook.org/ns/docbook" version="5.0" xmlns:xlink="http://www.w3.org/1999/xlink" xml:id="__estimate_service_8cs" xml:lang="en-US">
<title>Guber.CoordinatesApi/Services/EstimateService.cs File Reference</title>
<indexterm><primary>Guber.CoordinatesApi/Services/EstimateService.cs</primary></indexterm>
<simplesect>
    <title>Classes    </title>
        <itemizedlist>
            <listitem><para>interface <link linkend="_interface_guber_1_1_coordinates_api_1_1_services_1_1_i_estimate_service">Guber.CoordinatesApi.Services.IEstimateService</link></para>
</listitem>
            <listitem><para>class <link linkend="_class_guber_1_1_coordinates_api_1_1_services_1_1_estimate_service">Guber.CoordinatesApi.Services.EstimateService</link></para>
</listitem>
        </itemizedlist>
</simplesect>
<simplesect>
    <title>Namespaces    </title>
        <itemizedlist>
            <listitem><para>namespace <link linkend="_namespace_guber">Guber</link></para>
</listitem>
            <listitem><para>namespace <link linkend="_namespace_guber_1_1_coordinates_api">Guber.CoordinatesApi</link></para>
</listitem>
            <listitem><para>namespace <link linkend="_namespace_guber_1_1_coordinates_api_1_1_services">Guber.CoordinatesApi.Services</link></para>
</listitem>
        </itemizedlist>
</simplesect>
</section>
