<?xml version='1.0' encoding='UTF-8' standalone='no'?>
<section xmlns="http://docbook.org/ns/docbook" version="5.0" xmlns:xlink="http://www.w3.org/1999/xlink" xml:id="__fare_controller_8cs_source" xml:lang="en-US">
<title>FareController.cs</title>
<indexterm><primary>Guber.CoordinatesApi/Controllers/FareController.cs</primary></indexterm>
Go to the documentation of this file.<programlisting linenumbering="unnumbered"><anchor xml:id="__fare_controller_8cs_source_1l00001"/>00001 <emphasis role="keyword">using&#32;</emphasis><link linkend="_namespace_guber_1_1_coordinates_api_1_1_models">Guber.CoordinatesApi.Models</link>;
<anchor xml:id="__fare_controller_8cs_source_1l00002"/>00002 <emphasis role="keyword">using&#32;</emphasis><link linkend="_namespace_guber_1_1_coordinates_api_1_1_services">Guber.CoordinatesApi.Services</link>;
<anchor xml:id="__fare_controller_8cs_source_1l00003"/>00003 <emphasis role="keyword">using&#32;</emphasis>Microsoft.AspNetCore.Mvc;
<anchor xml:id="__fare_controller_8cs_source_1l00004"/>00004 
<anchor xml:id="__fare_controller_8cs_source_1l00005"/>00005 <emphasis role="keyword">namespace&#32;</emphasis><link linkend="_namespace_guber_1_1_coordinates_api_1_1_controllers">Guber.CoordinatesApi.Controllers</link>;
<anchor xml:id="__fare_controller_8cs_source_1l00006"/>00006 
<anchor xml:id="__fare_controller_8cs_source_1l00007"/>00007 [ApiController]
<anchor xml:id="__fare_controller_8cs_source_1l00008"/>00008 [Route(<emphasis role="stringliteral">&quot;api/fare&quot;</emphasis>)]
<anchor xml:id="__fare_controller_8cs_source_1l00009"/><link linkend="_class_guber_1_1_coordinates_api_1_1_controllers_1_1_fare_controller">00009</link> <emphasis role="keyword">public</emphasis>&#32;<emphasis role="keyword">sealed</emphasis>&#32;<emphasis role="keyword">class&#32;</emphasis><link linkend="_class_guber_1_1_coordinates_api_1_1_controllers_1_1_fare_controller_1a0bea985ab945b2895c6ce1b5ee70af7a">FareController</link>&#32;:&#32;ControllerBase
<anchor xml:id="__fare_controller_8cs_source_1l00010"/>00010 {
<anchor xml:id="__fare_controller_8cs_source_1l00011"/>00011 &#32;&#32;&#32;&#32;<emphasis role="keyword">private</emphasis>&#32;readonly&#32;<link linkend="_interface_guber_1_1_coordinates_api_1_1_services_1_1_i_fare_service">IFareService</link>&#32;_fare;
<anchor xml:id="__fare_controller_8cs_source_1l00012"/><link linkend="_class_guber_1_1_coordinates_api_1_1_controllers_1_1_fare_controller_1a0bea985ab945b2895c6ce1b5ee70af7a">00012</link> &#32;&#32;&#32;&#32;<emphasis role="keyword">public</emphasis>&#32;<link linkend="_class_guber_1_1_coordinates_api_1_1_controllers_1_1_fare_controller_1a0bea985ab945b2895c6ce1b5ee70af7a">FareController</link>(<link linkend="_interface_guber_1_1_coordinates_api_1_1_services_1_1_i_fare_service">IFareService</link>&#32;fare)&#32;=&gt;&#32;_fare&#32;=&#32;fare;
<anchor xml:id="__fare_controller_8cs_source_1l00013"/>00013 
<anchor xml:id="__fare_controller_8cs_source_1l00015"/>00015 &#32;&#32;&#32;&#32;[HttpPost]
<anchor xml:id="__fare_controller_8cs_source_1l00016"/><link linkend="_class_guber_1_1_coordinates_api_1_1_controllers_1_1_fare_controller_1a2862d0235fd69f339a94374dc61fdcaa">00016</link> &#32;&#32;&#32;&#32;<emphasis role="keyword">public</emphasis>&#32;ActionResult&lt;FareResponse&gt;&#32;<link linkend="_class_guber_1_1_coordinates_api_1_1_controllers_1_1_fare_controller_1a2862d0235fd69f339a94374dc61fdcaa">Calc</link>([FromBody]&#32;<link linkend="_namespace_guber_1_1_coordinates_api_1_1_models_1a629a9f935efaed6851aa08ad1d61b79c">FareRequest</link>&#32;req)
<anchor xml:id="__fare_controller_8cs_source_1l00017"/>00017 &#32;&#32;&#32;&#32;{
<anchor xml:id="__fare_controller_8cs_source_1l00018"/>00018 &#32;&#32;&#32;&#32;&#32;&#32;&#32;&#32;<emphasis role="keywordflow">if</emphasis>&#32;(req.DistanceKm&#32;&lt;&#32;0)&#32;<emphasis role="keywordflow">return</emphasis>&#32;BadRequest(<emphasis role="keyword">new</emphasis>&#32;{&#32;error&#32;=&#32;<emphasis role="stringliteral">&quot;DistanceKm&#32;must&#32;be&#32;&gt;=&#32;0&quot;</emphasis>&#32;});
<anchor xml:id="__fare_controller_8cs_source_1l00019"/>00019 &#32;&#32;&#32;&#32;&#32;&#32;&#32;&#32;<emphasis role="keywordflow">return</emphasis>&#32;Ok(_fare.Calculate(req.DistanceKm));
<anchor xml:id="__fare_controller_8cs_source_1l00020"/>00020 &#32;&#32;&#32;&#32;}
<anchor xml:id="__fare_controller_8cs_source_1l00021"/>00021 }
</programlisting></section>
