<?xml version='1.0' encoding='UTF-8' standalone='no'?>
<section xmlns="http://docbook.org/ns/docbook" version="5.0" xmlns:xlink="http://www.w3.org/1999/xlink" xml:id="__fare_service_8cs_source" xml:lang="en-US">
<title>FareService.cs</title>
<indexterm><primary>Guber.CoordinatesApi/Services/FareService.cs</primary></indexterm>
Go to the documentation of this file.<programlisting linenumbering="unnumbered"><anchor xml:id="__fare_service_8cs_source_1l00001"/>00001 <emphasis role="keyword">using&#32;</emphasis><link linkend="_namespace_guber_1_1_coordinates_api_1_1_models">Guber.CoordinatesApi.Models</link>;
<anchor xml:id="__fare_service_8cs_source_1l00002"/>00002 
<anchor xml:id="__fare_service_8cs_source_1l00003"/>00003 <emphasis role="keyword">namespace&#32;</emphasis><link linkend="_namespace_guber_1_1_coordinates_api_1_1_services">Guber.CoordinatesApi.Services</link>;
<anchor xml:id="__fare_service_8cs_source_1l00004"/>00004 
<anchor xml:id="__fare_service_8cs_source_1l00005"/><link linkend="_class_guber_1_1_coordinates_api_1_1_services_1_1_fare_service">00005</link> <emphasis role="keyword">public</emphasis>&#32;<emphasis role="keyword">sealed</emphasis>&#32;<emphasis role="keyword">class&#32;</emphasis><link linkend="_class_guber_1_1_coordinates_api_1_1_services_1_1_fare_service_1a6a789153e22443d9b2316d25734e8f4e">FareService</link>&#32;:&#32;<link linkend="_interface_guber_1_1_coordinates_api_1_1_services_1_1_i_fare_service">IFareService</link>
<anchor xml:id="__fare_service_8cs_source_1l00006"/>00006 {
<anchor xml:id="__fare_service_8cs_source_1l00007"/>00007 &#32;&#32;&#32;&#32;<emphasis role="keyword">private</emphasis>&#32;readonly&#32;<emphasis role="keywordtype">double</emphasis>&#32;_baseFare;
<anchor xml:id="__fare_service_8cs_source_1l00008"/>00008 &#32;&#32;&#32;&#32;<emphasis role="keyword">private</emphasis>&#32;readonly&#32;<emphasis role="keywordtype">double</emphasis>&#32;_perKm;
<anchor xml:id="__fare_service_8cs_source_1l00009"/><link linkend="_class_guber_1_1_coordinates_api_1_1_services_1_1_fare_service_1a6a789153e22443d9b2316d25734e8f4e">00009</link> &#32;&#32;&#32;&#32;<emphasis role="keyword">public</emphasis>&#32;<link linkend="_class_guber_1_1_coordinates_api_1_1_services_1_1_fare_service_1a6a789153e22443d9b2316d25734e8f4e">FareService</link>(IConfiguration&#32;config)
<anchor xml:id="__fare_service_8cs_source_1l00010"/>00010 &#32;&#32;&#32;&#32;{
<anchor xml:id="__fare_service_8cs_source_1l00011"/>00011 &#32;&#32;&#32;&#32;&#32;&#32;&#32;&#32;_baseFare&#32;=&#32;config.GetSection(<emphasis role="stringliteral">&quot;Fare&quot;</emphasis>).GetValue&lt;<emphasis role="keywordtype">double</emphasis>&gt;(<emphasis role="stringliteral">&quot;BaseFare&quot;</emphasis>,&#32;4.25);
<anchor xml:id="__fare_service_8cs_source_1l00012"/>00012 &#32;&#32;&#32;&#32;&#32;&#32;&#32;&#32;_perKm&#32;&#32;&#32;=&#32;config.GetSection(<emphasis role="stringliteral">&quot;Fare&quot;</emphasis>).GetValue&lt;<emphasis role="keywordtype">double</emphasis>&gt;(<emphasis role="stringliteral">&quot;PerKm&quot;</emphasis>,&#32;1.70);
<anchor xml:id="__fare_service_8cs_source_1l00013"/>00013 &#32;&#32;&#32;&#32;}
<anchor xml:id="__fare_service_8cs_source_1l00014"/>00014 
<anchor xml:id="__fare_service_8cs_source_1l00015"/><link linkend="_class_guber_1_1_coordinates_api_1_1_services_1_1_fare_service_1aaa79f492f623c9ecdadb0ae2e5bda4c5">00015</link> &#32;&#32;&#32;&#32;<emphasis role="keyword">public</emphasis>&#32;<link linkend="_namespace_guber_1_1_coordinates_api_1_1_models_1a749bec9ef0d05b2248050ceb52b983f7">FareResponse</link>&#32;<link linkend="_class_guber_1_1_coordinates_api_1_1_services_1_1_fare_service_1aaa79f492f623c9ecdadb0ae2e5bda4c5">Calculate</link>(<emphasis role="keywordtype">double</emphasis>&#32;distanceKm)
<anchor xml:id="__fare_service_8cs_source_1l00016"/>00016 &#32;&#32;&#32;&#32;{
<anchor xml:id="__fare_service_8cs_source_1l00017"/>00017 &#32;&#32;&#32;&#32;&#32;&#32;&#32;&#32;var&#32;total&#32;=&#32;Math.Round(_baseFare&#32;+&#32;(distanceKm&#32;*&#32;_perKm),&#32;2,&#32;MidpointRounding.AwayFromZero);
<anchor xml:id="__fare_service_8cs_source_1l00018"/>00018 &#32;&#32;&#32;&#32;&#32;&#32;&#32;&#32;<emphasis role="keywordflow">return</emphasis>&#32;<emphasis role="keyword">new</emphasis>&#32;<link linkend="_namespace_guber_1_1_coordinates_api_1_1_models_1a749bec9ef0d05b2248050ceb52b983f7">FareResponse</link>(_baseFare,&#32;_perKm,&#32;distanceKm,&#32;total);
<anchor xml:id="__fare_service_8cs_source_1l00019"/>00019 &#32;&#32;&#32;&#32;}
<anchor xml:id="__fare_service_8cs_source_1l00020"/>00020 }
</programlisting></section>
