<?xml version='1.0' encoding='UTF-8' standalone='no'?>
<section xmlns="http://docbook.org/ns/docbook" version="5.0" xmlns:xlink="http://www.w3.org/1999/xlink" xml:id="__geocoding_service_8cs_source" xml:lang="en-US">
<title>GeocodingService.cs</title>
<indexterm><primary>Guber.CoordinatesApi/Services/GeocodingService.cs</primary></indexterm>
Go to the documentation of this file.<programlisting linenumbering="unnumbered"><anchor xml:id="__geocoding_service_8cs_source_1l00001"/>00001 <emphasis role="keyword">using&#32;</emphasis>System.Net.Http.Json;
<anchor xml:id="__geocoding_service_8cs_source_1l00002"/>00002 <emphasis role="keyword">using&#32;</emphasis>System.Text.Json;
<anchor xml:id="__geocoding_service_8cs_source_1l00003"/>00003 <emphasis role="keyword">using&#32;</emphasis><link linkend="_namespace_guber_1_1_coordinates_api_1_1_models">Guber.CoordinatesApi.Models</link>;
<anchor xml:id="__geocoding_service_8cs_source_1l00004"/>00004 
<anchor xml:id="__geocoding_service_8cs_source_1l00005"/>00005 <emphasis role="keyword">namespace&#32;</emphasis><link linkend="_namespace_guber_1_1_coordinates_api_1_1_services">Guber.CoordinatesApi.Services</link>;
<anchor xml:id="__geocoding_service_8cs_source_1l00006"/>00006 
<anchor xml:id="__geocoding_service_8cs_source_1l00007"/><link linkend="_class_guber_1_1_coordinates_api_1_1_services_1_1_nominatim_geocoding_service">00007</link> <emphasis role="keyword">public</emphasis>&#32;<emphasis role="keyword">sealed</emphasis>&#32;<emphasis role="keyword">class&#32;</emphasis><link linkend="_class_guber_1_1_coordinates_api_1_1_services_1_1_nominatim_geocoding_service_1a7a8ac9a872699f61b4801590366745f9">NominatimGeocodingService</link>&#32;:&#32;<link linkend="_interface_guber_1_1_coordinates_api_1_1_services_1_1_i_geocoding_service">IGeocodingService</link>
<anchor xml:id="__geocoding_service_8cs_source_1l00008"/>00008 {
<anchor xml:id="__geocoding_service_8cs_source_1l00009"/>00009 &#32;&#32;&#32;&#32;<emphasis role="keyword">private</emphasis>&#32;readonly&#32;HttpClient&#32;_http;
<anchor xml:id="__geocoding_service_8cs_source_1l00010"/>00010 
<anchor xml:id="__geocoding_service_8cs_source_1l00011"/><link linkend="_class_guber_1_1_coordinates_api_1_1_services_1_1_nominatim_geocoding_service_1a7a8ac9a872699f61b4801590366745f9">00011</link> &#32;&#32;&#32;&#32;<emphasis role="keyword">public</emphasis>&#32;<link linkend="_class_guber_1_1_coordinates_api_1_1_services_1_1_nominatim_geocoding_service_1a7a8ac9a872699f61b4801590366745f9">NominatimGeocodingService</link>(HttpClient&#32;http)&#32;=&gt;&#32;_http&#32;=&#32;http;
<anchor xml:id="__geocoding_service_8cs_source_1l00012"/>00012 
<anchor xml:id="__geocoding_service_8cs_source_1l00013"/>00013 &#32;&#32;&#32;&#32;<emphasis role="keyword">private</emphasis>&#32;<emphasis role="keyword">sealed</emphasis>&#32;<emphasis role="keyword">class&#32;</emphasis>NominatimItem
<anchor xml:id="__geocoding_service_8cs_source_1l00014"/>00014 &#32;&#32;&#32;&#32;{
<anchor xml:id="__geocoding_service_8cs_source_1l00015"/>00015 &#32;&#32;&#32;&#32;&#32;&#32;&#32;&#32;<emphasis role="keyword">public</emphasis>&#32;<emphasis role="keywordtype">string</emphasis>?&#32;display_name&#32;{&#32;<emphasis role="keyword">get</emphasis>;&#32;<emphasis role="keyword">set</emphasis>;&#32;}
<anchor xml:id="__geocoding_service_8cs_source_1l00016"/>00016 &#32;&#32;&#32;&#32;&#32;&#32;&#32;&#32;<emphasis role="keyword">public</emphasis>&#32;<emphasis role="keywordtype">string</emphasis>?&#32;lat&#32;{&#32;<emphasis role="keyword">get</emphasis>;&#32;<emphasis role="keyword">set</emphasis>;&#32;}
<anchor xml:id="__geocoding_service_8cs_source_1l00017"/>00017 &#32;&#32;&#32;&#32;&#32;&#32;&#32;&#32;<emphasis role="keyword">public</emphasis>&#32;<emphasis role="keywordtype">string</emphasis>?&#32;lon&#32;{&#32;<emphasis role="keyword">get</emphasis>;&#32;<emphasis role="keyword">set</emphasis>;&#32;}
<anchor xml:id="__geocoding_service_8cs_source_1l00018"/>00018 &#32;&#32;&#32;&#32;}
<anchor xml:id="__geocoding_service_8cs_source_1l00019"/>00019 
<anchor xml:id="__geocoding_service_8cs_source_1l00020"/><link linkend="_class_guber_1_1_coordinates_api_1_1_services_1_1_nominatim_geocoding_service_1abc069d5a0e82fdeefa98ed5cd5e85fa5">00020</link> &#32;&#32;&#32;&#32;<emphasis role="keyword">public</emphasis>&#32;async&#32;Task&lt;GeocodeResult?&gt;&#32;<link linkend="_class_guber_1_1_coordinates_api_1_1_services_1_1_nominatim_geocoding_service_1abc069d5a0e82fdeefa98ed5cd5e85fa5">GeocodeAsync</link>(<emphasis role="keywordtype">string</emphasis>&#32;query,&#32;CancellationToken&#32;ct&#32;=&#32;<emphasis role="keywordflow">default</emphasis>)
<anchor xml:id="__geocoding_service_8cs_source_1l00021"/>00021 &#32;&#32;&#32;&#32;{
<anchor xml:id="__geocoding_service_8cs_source_1l00022"/>00022 &#32;&#32;&#32;&#32;&#32;&#32;&#32;&#32;<emphasis role="comment">//&#32;Nominatim:&#32;/search?q=...&amp;format=json&amp;limit=1</emphasis>
<anchor xml:id="__geocoding_service_8cs_source_1l00023"/>00023 &#32;&#32;&#32;&#32;&#32;&#32;&#32;&#32;var&#32;url&#32;=&#32;$<emphasis role="stringliteral">&quot;/search?q={Uri.EscapeDataString(query)}&amp;format=json&amp;limit=1&quot;</emphasis>;
<anchor xml:id="__geocoding_service_8cs_source_1l00024"/>00024 &#32;&#32;&#32;&#32;&#32;&#32;&#32;&#32;var&#32;opts&#32;=&#32;<emphasis role="keyword">new</emphasis>&#32;JsonSerializerOptions&#32;{&#32;PropertyNameCaseInsensitive&#32;=&#32;<emphasis role="keyword">true</emphasis>&#32;};
<anchor xml:id="__geocoding_service_8cs_source_1l00025"/>00025 &#32;&#32;&#32;&#32;&#32;&#32;&#32;&#32;var&#32;res&#32;=&#32;await&#32;_http.GetFromJsonAsync&lt;List&lt;NominatimItem&gt;&gt;(url,&#32;opts,&#32;ct);
<anchor xml:id="__geocoding_service_8cs_source_1l00026"/>00026 
<anchor xml:id="__geocoding_service_8cs_source_1l00027"/>00027 &#32;&#32;&#32;&#32;&#32;&#32;&#32;&#32;var&#32;first&#32;=&#32;res?.FirstOrDefault();
<anchor xml:id="__geocoding_service_8cs_source_1l00028"/>00028 &#32;&#32;&#32;&#32;&#32;&#32;&#32;&#32;<emphasis role="keywordflow">if</emphasis>&#32;(first&#32;==&#32;<emphasis role="keyword">null</emphasis>&#32;||&#32;!<emphasis role="keywordtype">double</emphasis>.TryParse(first.lat,&#32;out&#32;var&#32;lat)&#32;||&#32;!<emphasis role="keywordtype">double</emphasis>.TryParse(first.lon,&#32;out&#32;var&#32;lon))
<anchor xml:id="__geocoding_service_8cs_source_1l00029"/>00029 &#32;&#32;&#32;&#32;&#32;&#32;&#32;&#32;&#32;&#32;&#32;&#32;<emphasis role="keywordflow">return</emphasis>&#32;<emphasis role="keyword">null</emphasis>;
<anchor xml:id="__geocoding_service_8cs_source_1l00030"/>00030 
<anchor xml:id="__geocoding_service_8cs_source_1l00031"/>00031 &#32;&#32;&#32;&#32;&#32;&#32;&#32;&#32;<emphasis role="keywordflow">return</emphasis>&#32;<emphasis role="keyword">new</emphasis>&#32;<link linkend="_namespace_guber_1_1_coordinates_api_1_1_models_1a87cc27209abf928eb7158399d4769aaf">GeocodeResult</link>(lat,&#32;lon,&#32;first.display_name&#32;??&#32;query);
<anchor xml:id="__geocoding_service_8cs_source_1l00032"/>00032 &#32;&#32;&#32;&#32;}
<anchor xml:id="__geocoding_service_8cs_source_1l00033"/>00033 }
</programlisting></section>
