<?xml version='1.0' encoding='UTF-8' standalone='no'?>
<section xmlns="http://docbook.org/ns/docbook" version="5.0" xmlns:xlink="http://www.w3.org/1999/xlink" xml:id="__geocoding_controller_8cs" xml:lang="en-US">
<title>Guber.CoordinatesApi/Controllers/GeocodingController.cs File Reference</title>
<indexterm><primary>Guber.CoordinatesApi/Controllers/GeocodingController.cs</primary></indexterm>
<simplesect>
    <title>Classes    </title>
        <itemizedlist>
            <listitem><para>class <link linkend="_class_guber_1_1_coordinates_api_1_1_controllers_1_1_geocoding_controller">Guber.CoordinatesApi.Controllers.GeocodingController</link></para>
</listitem>
        </itemizedlist>
</simplesect>
<simplesect>
    <title>Namespaces    </title>
        <itemizedlist>
            <listitem><para>namespace <link linkend="_namespace_guber">Guber</link></para>
</listitem>
            <listitem><para>namespace <link linkend="_namespace_guber_1_1_coordinates_api">Guber.CoordinatesApi</link></para>
</listitem>
            <listitem><para>namespace <link linkend="_namespace_guber_1_1_coordinates_api_1_1_controllers">Guber.CoordinatesApi.Controllers</link></para>
</listitem>
        </itemizedlist>
</simplesect>
</section>
