<?xml version='1.0' encoding='UTF-8' standalone='no'?>
<section xmlns="http://docbook.org/ns/docbook" version="5.0" xmlns:xlink="http://www.w3.org/1999/xlink" xml:id="__geocoding_controller_8cs_source" xml:lang="en-US">
<title>GeocodingController.cs</title>
<indexterm><primary>Guber.CoordinatesApi/Controllers/GeocodingController.cs</primary></indexterm>
Go to the documentation of this file.<programlisting linenumbering="unnumbered"><anchor xml:id="__geocoding_controller_8cs_source_1l00001"/>00001 <emphasis role="keyword">using&#32;</emphasis><link linkend="_namespace_guber_1_1_coordinates_api_1_1_services">Guber.CoordinatesApi.Services</link>;
<anchor xml:id="__geocoding_controller_8cs_source_1l00002"/>00002 <emphasis role="keyword">using&#32;</emphasis>Microsoft.AspNetCore.Mvc;
<anchor xml:id="__geocoding_controller_8cs_source_1l00003"/>00003 
<anchor xml:id="__geocoding_controller_8cs_source_1l00004"/>00004 <emphasis role="keyword">namespace&#32;</emphasis><link linkend="_namespace_guber_1_1_coordinates_api_1_1_controllers">Guber.CoordinatesApi.Controllers</link>;
<anchor xml:id="__geocoding_controller_8cs_source_1l00005"/>00005 
<anchor xml:id="__geocoding_controller_8cs_source_1l00006"/>00006 [ApiController]
<anchor xml:id="__geocoding_controller_8cs_source_1l00007"/>00007 [Route(<emphasis role="stringliteral">&quot;api/geocode&quot;</emphasis>)]
<anchor xml:id="__geocoding_controller_8cs_source_1l00008"/><link linkend="_class_guber_1_1_coordinates_api_1_1_controllers_1_1_geocoding_controller">00008</link> <emphasis role="keyword">public</emphasis>&#32;<emphasis role="keyword">sealed</emphasis>&#32;<emphasis role="keyword">class&#32;</emphasis><link linkend="_class_guber_1_1_coordinates_api_1_1_controllers_1_1_geocoding_controller_1abb186b3e3d25035fe019719d9327bcbb">GeocodingController</link>&#32;:&#32;ControllerBase
<anchor xml:id="__geocoding_controller_8cs_source_1l00009"/>00009 {
<anchor xml:id="__geocoding_controller_8cs_source_1l00010"/>00010 &#32;&#32;&#32;&#32;<emphasis role="keyword">private</emphasis>&#32;readonly&#32;<link linkend="_interface_guber_1_1_coordinates_api_1_1_services_1_1_i_geocoding_service">IGeocodingService</link>&#32;_geo;
<anchor xml:id="__geocoding_controller_8cs_source_1l00011"/><link linkend="_class_guber_1_1_coordinates_api_1_1_controllers_1_1_geocoding_controller_1abb186b3e3d25035fe019719d9327bcbb">00011</link> &#32;&#32;&#32;&#32;<emphasis role="keyword">public</emphasis>&#32;<link linkend="_class_guber_1_1_coordinates_api_1_1_controllers_1_1_geocoding_controller_1abb186b3e3d25035fe019719d9327bcbb">GeocodingController</link>(<link linkend="_interface_guber_1_1_coordinates_api_1_1_services_1_1_i_geocoding_service">IGeocodingService</link>&#32;geo)&#32;=&gt;&#32;_geo&#32;=&#32;geo;
<anchor xml:id="__geocoding_controller_8cs_source_1l00012"/>00012 
<anchor xml:id="__geocoding_controller_8cs_source_1l00014"/>00014 &#32;&#32;&#32;&#32;[HttpGet]
<anchor xml:id="__geocoding_controller_8cs_source_1l00015"/><link linkend="_class_guber_1_1_coordinates_api_1_1_controllers_1_1_geocoding_controller_1a5c149cd72c789fc17eae39ec973839c8">00015</link> &#32;&#32;&#32;&#32;<emphasis role="keyword">public</emphasis>&#32;async&#32;Task&lt;IActionResult&gt;&#32;<link linkend="_class_guber_1_1_coordinates_api_1_1_controllers_1_1_geocoding_controller_1a5c149cd72c789fc17eae39ec973839c8">Geocode</link>([FromQuery]&#32;<emphasis role="keywordtype">string</emphasis>&#32;query,&#32;CancellationToken&#32;ct)
<anchor xml:id="__geocoding_controller_8cs_source_1l00016"/>00016 &#32;&#32;&#32;&#32;{
<anchor xml:id="__geocoding_controller_8cs_source_1l00017"/>00017 &#32;&#32;&#32;&#32;&#32;&#32;&#32;&#32;<emphasis role="keywordflow">if</emphasis>&#32;(<emphasis role="keywordtype">string</emphasis>.IsNullOrWhiteSpace(query))
<anchor xml:id="__geocoding_controller_8cs_source_1l00018"/>00018 &#32;&#32;&#32;&#32;&#32;&#32;&#32;&#32;&#32;&#32;&#32;&#32;<emphasis role="keywordflow">return</emphasis>&#32;BadRequest(<emphasis role="keyword">new</emphasis>&#32;{&#32;error&#32;=&#32;<emphasis role="stringliteral">&quot;query&#32;is&#32;required&quot;</emphasis>&#32;});
<anchor xml:id="__geocoding_controller_8cs_source_1l00019"/>00019 
<anchor xml:id="__geocoding_controller_8cs_source_1l00020"/>00020 &#32;&#32;&#32;&#32;&#32;&#32;&#32;&#32;var&#32;res&#32;=&#32;await&#32;_geo.GeocodeAsync(query,&#32;ct);
<anchor xml:id="__geocoding_controller_8cs_source_1l00021"/>00021 &#32;&#32;&#32;&#32;&#32;&#32;&#32;&#32;<emphasis role="keywordflow">return</emphasis>&#32;res&#32;is&#32;<emphasis role="keyword">null</emphasis>&#32;?&#32;NotFound(<emphasis role="keyword">new</emphasis>&#32;{&#32;error&#32;=&#32;<emphasis role="stringliteral">&quot;No&#32;result&quot;</emphasis>&#32;})&#32;:&#32;Ok(res);
<anchor xml:id="__geocoding_controller_8cs_source_1l00022"/>00022 &#32;&#32;&#32;&#32;}
<anchor xml:id="__geocoding_controller_8cs_source_1l00023"/>00023 }
</programlisting></section>
