<?xml version='1.0' encoding='UTF-8' standalone='no'?>
<section xmlns="http://docbook.org/ns/docbook" version="5.0" xmlns:xlink="http://www.w3.org/1999/xlink" xml:id="__guber_demo_client_8_assembly_info_8cs_source" xml:lang="en-US">
<title>GuberDemoClient.AssemblyInfo.cs</title>
<indexterm><primary>GuberDemoClient/obj/Debug/net8.0/GuberDemoClient.AssemblyInfo.cs</primary></indexterm>
Go to the documentation of this file.<programlisting linenumbering="unnumbered"><anchor xml:id="__guber_demo_client_8_assembly_info_8cs_source_1l00001"/>00001 <emphasis role="comment">//------------------------------------------------------------------------------</emphasis>
<anchor xml:id="__guber_demo_client_8_assembly_info_8cs_source_1l00002"/>00002 <emphasis role="comment">//&#32;&lt;auto-generated&gt;</emphasis>
<anchor xml:id="__guber_demo_client_8_assembly_info_8cs_source_1l00003"/>00003 <emphasis role="comment">//&#32;&#32;&#32;&#32;&#32;This&#32;code&#32;was&#32;generated&#32;by&#32;a&#32;tool.</emphasis>
<anchor xml:id="__guber_demo_client_8_assembly_info_8cs_source_1l00004"/>00004 <emphasis role="comment">//</emphasis>
<anchor xml:id="__guber_demo_client_8_assembly_info_8cs_source_1l00005"/>00005 <emphasis role="comment">//&#32;&#32;&#32;&#32;&#32;Changes&#32;to&#32;this&#32;file&#32;may&#32;cause&#32;incorrect&#32;behavior&#32;and&#32;will&#32;be&#32;lost&#32;if</emphasis>
<anchor xml:id="__guber_demo_client_8_assembly_info_8cs_source_1l00006"/>00006 <emphasis role="comment">//&#32;&#32;&#32;&#32;&#32;the&#32;code&#32;is&#32;regenerated.</emphasis>
<anchor xml:id="__guber_demo_client_8_assembly_info_8cs_source_1l00007"/>00007 <emphasis role="comment">//&#32;&lt;/auto-generated&gt;</emphasis>
<anchor xml:id="__guber_demo_client_8_assembly_info_8cs_source_1l00008"/>00008 <emphasis role="comment">//------------------------------------------------------------------------------</emphasis>
<anchor xml:id="__guber_demo_client_8_assembly_info_8cs_source_1l00009"/>00009 
<anchor xml:id="__guber_demo_client_8_assembly_info_8cs_source_1l00010"/>00010 <emphasis role="keyword">using&#32;</emphasis>System;
<anchor xml:id="__guber_demo_client_8_assembly_info_8cs_source_1l00011"/>00011 <emphasis role="keyword">using&#32;</emphasis>System.Reflection;
<anchor xml:id="__guber_demo_client_8_assembly_info_8cs_source_1l00012"/>00012 
<anchor xml:id="__guber_demo_client_8_assembly_info_8cs_source_1l00013"/>00013 [assembly:&#32;System.Reflection.AssemblyCompanyAttribute(<emphasis role="stringliteral">&quot;GuberDemoClient&quot;</emphasis>)]
<anchor xml:id="__guber_demo_client_8_assembly_info_8cs_source_1l00014"/>00014 [assembly:&#32;System.Reflection.AssemblyConfigurationAttribute(<emphasis role="stringliteral">&quot;Debug&quot;</emphasis>)]
<anchor xml:id="__guber_demo_client_8_assembly_info_8cs_source_1l00015"/>00015 [assembly:&#32;System.Reflection.AssemblyFileVersionAttribute(<emphasis role="stringliteral">&quot;1.0.0.0&quot;</emphasis>)]
<anchor xml:id="__guber_demo_client_8_assembly_info_8cs_source_1l00016"/>00016 [assembly:&#32;System.Reflection.AssemblyInformationalVersionAttribute(<emphasis role="stringliteral">&quot;1.0.0+cf554167eaf6b9ec3af24733ff641853212121ce&quot;</emphasis>)]
<anchor xml:id="__guber_demo_client_8_assembly_info_8cs_source_1l00017"/>00017 [assembly:&#32;System.Reflection.AssemblyProductAttribute(<emphasis role="stringliteral">&quot;GuberDemoClient&quot;</emphasis>)]
<anchor xml:id="__guber_demo_client_8_assembly_info_8cs_source_1l00018"/>00018 [assembly:&#32;System.Reflection.AssemblyTitleAttribute(<emphasis role="stringliteral">&quot;GuberDemoClient&quot;</emphasis>)]
<anchor xml:id="__guber_demo_client_8_assembly_info_8cs_source_1l00019"/>00019 [assembly:&#32;System.Reflection.AssemblyVersionAttribute(<emphasis role="stringliteral">&quot;1.0.0.0&quot;</emphasis>)]
<anchor xml:id="__guber_demo_client_8_assembly_info_8cs_source_1l00020"/>00020 
<anchor xml:id="__guber_demo_client_8_assembly_info_8cs_source_1l00021"/>00021 <emphasis role="comment">//&#32;Generated&#32;by&#32;the&#32;MSBuild&#32;WriteCodeFragment&#32;class.</emphasis>
<anchor xml:id="__guber_demo_client_8_assembly_info_8cs_source_1l00022"/>00022 
</programlisting></section>
