<?xml version='1.0' encoding='UTF-8' standalone='no'?>
<section xmlns="http://docbook.org/ns/docbook" version="5.0" xmlns:xlink="http://www.w3.org/1999/xlink" xml:id="__guber_8_coordinates_api_8_global_usings_8g_8cs_source" xml:lang="en-US">
<title>Guber.CoordinatesApi.GlobalUsings.g.cs</title>
<indexterm><primary>Guber.CoordinatesApi/obj/Debug/net8.0/Guber.CoordinatesApi.GlobalUsings.g.cs</primary></indexterm>
Go to the documentation of this file.<programlisting linenumbering="unnumbered"><anchor xml:id="__guber_8_coordinates_api_8_global_usings_8g_8cs_source_1l00001"/>00001 <emphasis role="comment">//&#32;&lt;auto-generated/&gt;</emphasis>
<anchor xml:id="__guber_8_coordinates_api_8_global_usings_8g_8cs_source_1l00002"/>00002 global&#32;<emphasis role="keyword">using&#32;</emphasis>global::Microsoft.AspNetCore.Builder;
<anchor xml:id="__guber_8_coordinates_api_8_global_usings_8g_8cs_source_1l00003"/>00003 global&#32;<emphasis role="keyword">using&#32;</emphasis>global::Microsoft.AspNetCore.Hosting;
<anchor xml:id="__guber_8_coordinates_api_8_global_usings_8g_8cs_source_1l00004"/>00004 global&#32;<emphasis role="keyword">using&#32;</emphasis>global::Microsoft.AspNetCore.Http;
<anchor xml:id="__guber_8_coordinates_api_8_global_usings_8g_8cs_source_1l00005"/>00005 global&#32;<emphasis role="keyword">using&#32;</emphasis>global::Microsoft.AspNetCore.Routing;
<anchor xml:id="__guber_8_coordinates_api_8_global_usings_8g_8cs_source_1l00006"/>00006 global&#32;<emphasis role="keyword">using&#32;</emphasis>global::Microsoft.Extensions.Configuration;
<anchor xml:id="__guber_8_coordinates_api_8_global_usings_8g_8cs_source_1l00007"/>00007 global&#32;<emphasis role="keyword">using&#32;</emphasis>global::Microsoft.Extensions.DependencyInjection;
<anchor xml:id="__guber_8_coordinates_api_8_global_usings_8g_8cs_source_1l00008"/>00008 global&#32;<emphasis role="keyword">using&#32;</emphasis>global::Microsoft.Extensions.Hosting;
<anchor xml:id="__guber_8_coordinates_api_8_global_usings_8g_8cs_source_1l00009"/>00009 global&#32;<emphasis role="keyword">using&#32;</emphasis>global::Microsoft.Extensions.Logging;
<anchor xml:id="__guber_8_coordinates_api_8_global_usings_8g_8cs_source_1l00010"/>00010 global&#32;<emphasis role="keyword">using&#32;</emphasis>global::System;
<anchor xml:id="__guber_8_coordinates_api_8_global_usings_8g_8cs_source_1l00011"/>00011 global&#32;<emphasis role="keyword">using&#32;</emphasis>global::System.Collections.Generic;
<anchor xml:id="__guber_8_coordinates_api_8_global_usings_8g_8cs_source_1l00012"/>00012 global&#32;<emphasis role="keyword">using&#32;</emphasis>global::System.IO;
<anchor xml:id="__guber_8_coordinates_api_8_global_usings_8g_8cs_source_1l00013"/>00013 global&#32;<emphasis role="keyword">using&#32;</emphasis>global::System.Linq;
<anchor xml:id="__guber_8_coordinates_api_8_global_usings_8g_8cs_source_1l00014"/>00014 global&#32;<emphasis role="keyword">using&#32;</emphasis>global::System.Net.Http;
<anchor xml:id="__guber_8_coordinates_api_8_global_usings_8g_8cs_source_1l00015"/>00015 global&#32;<emphasis role="keyword">using&#32;</emphasis>global::System.Net.Http.Json;
<anchor xml:id="__guber_8_coordinates_api_8_global_usings_8g_8cs_source_1l00016"/>00016 global&#32;<emphasis role="keyword">using&#32;</emphasis>global::System.Threading;
<anchor xml:id="__guber_8_coordinates_api_8_global_usings_8g_8cs_source_1l00017"/>00017 global&#32;<emphasis role="keyword">using&#32;</emphasis>global::System.Threading.Tasks;
</programlisting></section>
