<?xml version='1.0' encoding='UTF-8' standalone='no'?>
<section xmlns="http://docbook.org/ns/docbook" version="5.0" xmlns:xlink="http://www.w3.org/1999/xlink" xml:id="__guber_demo_client_2obj_2_debug_2net8_80_2_8_n_e_t_core_app_00_version_0av8_80_8_assembly_attributes_8cs_source" xml:lang="en-US">
<title>.NETCoreApp,Version=v8.0.AssemblyAttributes.cs</title>
<indexterm><primary>GuberDemoClient/obj/Debug/net8.0/.NETCoreApp,Version=v8.0.AssemblyAttributes.cs</primary></indexterm>
Go to the documentation of this file.<programlisting linenumbering="unnumbered"><anchor xml:id="__guber_demo_client_2obj_2_debug_2net8_80_2_8_n_e_t_core_app_00_version_0av8_80_8_assembly_attributes_8cs_source_1l00001"/>00001 <emphasis role="comment">//&#32;&lt;autogenerated&#32;/&gt;</emphasis>
<anchor xml:id="__guber_demo_client_2obj_2_debug_2net8_80_2_8_n_e_t_core_app_00_version_0av8_80_8_assembly_attributes_8cs_source_1l00002"/>00002 <emphasis role="keyword">using&#32;</emphasis>System;
<anchor xml:id="__guber_demo_client_2obj_2_debug_2net8_80_2_8_n_e_t_core_app_00_version_0av8_80_8_assembly_attributes_8cs_source_1l00003"/>00003 <emphasis role="keyword">using&#32;</emphasis>System.Reflection;
<anchor xml:id="__guber_demo_client_2obj_2_debug_2net8_80_2_8_n_e_t_core_app_00_version_0av8_80_8_assembly_attributes_8cs_source_1l00004"/>00004 [assembly:&#32;global::System.Runtime.Versioning.TargetFrameworkAttribute(<emphasis role="stringliteral">&quot;.NETCoreApp,Version=v8.0&quot;</emphasis>,&#32;FrameworkDisplayName&#32;=&#32;<emphasis role="stringliteral">&quot;.NET&#32;8.0&quot;</emphasis>)]
</programlisting></section>
