<?xml version='1.0' encoding='UTF-8' standalone='no'?>
<section xmlns="http://docbook.org/ns/docbook" version="5.0" xmlns:xlink="http://www.w3.org/1999/xlink" xml:id="__health_controller_8cs_source" xml:lang="en-US">
<title>HealthController.cs</title>
<indexterm><primary>Guber.CoordinatesApi/Controllers/HealthController.cs</primary></indexterm>
Go to the documentation of this file.<programlisting linenumbering="unnumbered"><anchor xml:id="__health_controller_8cs_source_1l00001"/>00001 <emphasis role="keyword">using&#32;</emphasis>Microsoft.AspNetCore.Mvc;
<anchor xml:id="__health_controller_8cs_source_1l00002"/>00002 
<anchor xml:id="__health_controller_8cs_source_1l00003"/>00003 <emphasis role="keyword">namespace&#32;</emphasis><link linkend="_namespace_guber_1_1_coordinates_api_1_1_controllers">Guber.CoordinatesApi.Controllers</link>;
<anchor xml:id="__health_controller_8cs_source_1l00004"/>00004 
<anchor xml:id="__health_controller_8cs_source_1l00005"/>00005 [ApiController]
<anchor xml:id="__health_controller_8cs_source_1l00006"/>00006 [Route(<emphasis role="stringliteral">&quot;health&quot;</emphasis>)]
<anchor xml:id="__health_controller_8cs_source_1l00007"/><link linkend="_class_guber_1_1_coordinates_api_1_1_controllers_1_1_health_controller">00007</link> <emphasis role="keyword">public</emphasis>&#32;<emphasis role="keyword">sealed</emphasis>&#32;<emphasis role="keyword">class&#32;</emphasis><link linkend="_class_guber_1_1_coordinates_api_1_1_controllers_1_1_health_controller">HealthController</link>&#32;:&#32;ControllerBase
<anchor xml:id="__health_controller_8cs_source_1l00008"/>00008 {
<anchor xml:id="__health_controller_8cs_source_1l00009"/>00009 &#32;&#32;&#32;&#32;[HttpGet]
<anchor xml:id="__health_controller_8cs_source_1l00010"/><link linkend="_class_guber_1_1_coordinates_api_1_1_controllers_1_1_health_controller_1a2596a6b14bfa1e4a97671be5cbd31c36">00010</link> &#32;&#32;&#32;&#32;<emphasis role="keyword">public</emphasis>&#32;IActionResult&#32;<link linkend="_class_guber_1_1_coordinates_api_1_1_controllers_1_1_health_controller_1a2596a6b14bfa1e4a97671be5cbd31c36">Get</link>()&#32;=&gt;&#32;Ok(<emphasis role="keyword">new</emphasis>&#32;{&#32;status&#32;=&#32;<emphasis role="stringliteral">&quot;ok&quot;</emphasis>,&#32;at&#32;=&#32;DateTimeOffset.UtcNow&#32;});
<anchor xml:id="__health_controller_8cs_source_1l00011"/>00011 }
</programlisting></section>
