<?xml version='1.0' encoding='UTF-8' standalone='no'?>
<section xmlns="http://docbook.org/ns/docbook" version="5.0" xmlns:xlink="http://www.w3.org/1999/xlink" xml:id="__live_location_controller_8cs_source" xml:lang="en-US">
<title>LiveLocationController.cs</title>
<indexterm><primary>Guber.CoordinatesApi/Controllers/LiveLocationController.cs</primary></indexterm>
Go to the documentation of this file.<programlisting linenumbering="unnumbered"><anchor xml:id="__live_location_controller_8cs_source_1l00001"/>00001 <emphasis role="keyword">using&#32;</emphasis><link linkend="_namespace_guber_1_1_coordinates_api_1_1_models">Guber.CoordinatesApi.Models</link>;
<anchor xml:id="__live_location_controller_8cs_source_1l00002"/>00002 <emphasis role="keyword">using&#32;</emphasis><link linkend="_namespace_guber_1_1_coordinates_api_1_1_services">Guber.CoordinatesApi.Services</link>;
<anchor xml:id="__live_location_controller_8cs_source_1l00003"/>00003 <emphasis role="keyword">using&#32;</emphasis>Microsoft.AspNetCore.Mvc;
<anchor xml:id="__live_location_controller_8cs_source_1l00004"/>00004 
<anchor xml:id="__live_location_controller_8cs_source_1l00005"/>00005 <emphasis role="keyword">namespace&#32;</emphasis><link linkend="_namespace_guber_1_1_coordinates_api_1_1_controllers">Guber.CoordinatesApi.Controllers</link>;
<anchor xml:id="__live_location_controller_8cs_source_1l00006"/>00006 
<anchor xml:id="__live_location_controller_8cs_source_1l00007"/>00007 [ApiController]
<anchor xml:id="__live_location_controller_8cs_source_1l00008"/>00008 [Route(<emphasis role="stringliteral">&quot;api&quot;</emphasis>)]
<anchor xml:id="__live_location_controller_8cs_source_1l00009"/><link linkend="_class_guber_1_1_coordinates_api_1_1_controllers_1_1_live_location_controller">00009</link> <emphasis role="keyword">public</emphasis>&#32;<emphasis role="keyword">sealed</emphasis>&#32;<emphasis role="keyword">class&#32;</emphasis><link linkend="_class_guber_1_1_coordinates_api_1_1_controllers_1_1_live_location_controller_1a3e7e3d4a090a8c1d4045c1b18d42c501">LiveLocationController</link>&#32;:&#32;ControllerBase
<anchor xml:id="__live_location_controller_8cs_source_1l00010"/>00010 {
<anchor xml:id="__live_location_controller_8cs_source_1l00011"/>00011 &#32;&#32;&#32;&#32;<emphasis role="keyword">private</emphasis>&#32;readonly&#32;<link linkend="_interface_guber_1_1_coordinates_api_1_1_services_1_1_i_location_store">ILocationStore</link>&#32;_store;
<anchor xml:id="__live_location_controller_8cs_source_1l00012"/><link linkend="_class_guber_1_1_coordinates_api_1_1_controllers_1_1_live_location_controller_1a3e7e3d4a090a8c1d4045c1b18d42c501">00012</link> &#32;&#32;&#32;&#32;<emphasis role="keyword">public</emphasis>&#32;<link linkend="_class_guber_1_1_coordinates_api_1_1_controllers_1_1_live_location_controller_1a3e7e3d4a090a8c1d4045c1b18d42c501">LiveLocationController</link>(<link linkend="_interface_guber_1_1_coordinates_api_1_1_services_1_1_i_location_store">ILocationStore</link>&#32;store)&#32;=&gt;&#32;_store&#32;=&#32;store;
<anchor xml:id="__live_location_controller_8cs_source_1l00013"/>00013 
<anchor xml:id="__live_location_controller_8cs_source_1l00015"/>00015 &#32;&#32;&#32;&#32;[HttpPost(<emphasis role="stringliteral">&quot;liveLocation/driver&quot;</emphasis>)]
<anchor xml:id="__live_location_controller_8cs_source_1l00016"/><link linkend="_class_guber_1_1_coordinates_api_1_1_controllers_1_1_live_location_controller_1ada2f1f81f112f816878dfc1c4e16dbc2">00016</link> &#32;&#32;&#32;&#32;<emphasis role="keyword">public</emphasis>&#32;IActionResult&#32;<link linkend="_class_guber_1_1_coordinates_api_1_1_controllers_1_1_live_location_controller_1ada2f1f81f112f816878dfc1c4e16dbc2">UpdateDriver</link>([FromBody]&#32;<link linkend="_namespace_guber_1_1_coordinates_api_1_1_models_1a3dad1d195124851c6b137753700f09b1">LiveLocationUpdate</link>&#32;update)
<anchor xml:id="__live_location_controller_8cs_source_1l00017"/>00017 &#32;&#32;&#32;&#32;{
<anchor xml:id="__live_location_controller_8cs_source_1l00018"/>00018 &#32;&#32;&#32;&#32;&#32;&#32;&#32;&#32;<emphasis role="keywordflow">if</emphasis>&#32;(<emphasis role="keywordtype">string</emphasis>.IsNullOrWhiteSpace(update.EntityId))
<anchor xml:id="__live_location_controller_8cs_source_1l00019"/>00019 &#32;&#32;&#32;&#32;&#32;&#32;&#32;&#32;&#32;&#32;&#32;&#32;<emphasis role="keywordflow">return</emphasis>&#32;BadRequest(<emphasis role="keyword">new</emphasis>&#32;{&#32;error&#32;=&#32;<emphasis role="stringliteral">&quot;EntityId&#32;required&quot;</emphasis>&#32;});
<anchor xml:id="__live_location_controller_8cs_source_1l00020"/>00020 
<anchor xml:id="__live_location_controller_8cs_source_1l00021"/>00021 &#32;&#32;&#32;&#32;&#32;&#32;&#32;&#32;_store.Upsert($<emphasis role="stringliteral">&quot;driver:{update.EntityId}&quot;</emphasis>,&#32;update.Lat,&#32;update.Lon,&#32;update.Timestamp&#32;==&#32;<emphasis role="keywordflow">default</emphasis>&#32;?&#32;DateTimeOffset.UtcNow&#32;:&#32;update.Timestamp);
<anchor xml:id="__live_location_controller_8cs_source_1l00022"/>00022 &#32;&#32;&#32;&#32;&#32;&#32;&#32;&#32;<emphasis role="keywordflow">return</emphasis>&#32;Ok(<emphasis role="keyword">new</emphasis>&#32;{&#32;status&#32;=&#32;<emphasis role="stringliteral">&quot;updated&quot;</emphasis>&#32;});
<anchor xml:id="__live_location_controller_8cs_source_1l00023"/>00023 &#32;&#32;&#32;&#32;}
<anchor xml:id="__live_location_controller_8cs_source_1l00024"/>00024 
<anchor xml:id="__live_location_controller_8cs_source_1l00026"/>00026 &#32;&#32;&#32;&#32;[HttpPost(<emphasis role="stringliteral">&quot;liveLocation/user&quot;</emphasis>)]
<anchor xml:id="__live_location_controller_8cs_source_1l00027"/><link linkend="_class_guber_1_1_coordinates_api_1_1_controllers_1_1_live_location_controller_1ab058461a474b776bcad4e2c9bfde2236">00027</link> &#32;&#32;&#32;&#32;<emphasis role="keyword">public</emphasis>&#32;IActionResult&#32;<link linkend="_class_guber_1_1_coordinates_api_1_1_controllers_1_1_live_location_controller_1ab058461a474b776bcad4e2c9bfde2236">UpdateUser</link>([FromBody]&#32;<link linkend="_namespace_guber_1_1_coordinates_api_1_1_models_1a3dad1d195124851c6b137753700f09b1">LiveLocationUpdate</link>&#32;update)
<anchor xml:id="__live_location_controller_8cs_source_1l00028"/>00028 &#32;&#32;&#32;&#32;{
<anchor xml:id="__live_location_controller_8cs_source_1l00029"/>00029 &#32;&#32;&#32;&#32;&#32;&#32;&#32;&#32;<emphasis role="keywordflow">if</emphasis>&#32;(<emphasis role="keywordtype">string</emphasis>.IsNullOrWhiteSpace(update.EntityId))
<anchor xml:id="__live_location_controller_8cs_source_1l00030"/>00030 &#32;&#32;&#32;&#32;&#32;&#32;&#32;&#32;&#32;&#32;&#32;&#32;<emphasis role="keywordflow">return</emphasis>&#32;BadRequest(<emphasis role="keyword">new</emphasis>&#32;{&#32;error&#32;=&#32;<emphasis role="stringliteral">&quot;EntityId&#32;required&quot;</emphasis>&#32;});
<anchor xml:id="__live_location_controller_8cs_source_1l00031"/>00031 
<anchor xml:id="__live_location_controller_8cs_source_1l00032"/>00032 &#32;&#32;&#32;&#32;&#32;&#32;&#32;&#32;_store.Upsert($<emphasis role="stringliteral">&quot;user:{update.EntityId}&quot;</emphasis>,&#32;update.Lat,&#32;update.Lon,&#32;update.Timestamp&#32;==&#32;<emphasis role="keywordflow">default</emphasis>&#32;?&#32;DateTimeOffset.UtcNow&#32;:&#32;update.Timestamp);
<anchor xml:id="__live_location_controller_8cs_source_1l00033"/>00033 &#32;&#32;&#32;&#32;&#32;&#32;&#32;&#32;<emphasis role="keywordflow">return</emphasis>&#32;Ok(<emphasis role="keyword">new</emphasis>&#32;{&#32;status&#32;=&#32;<emphasis role="stringliteral">&quot;updated&quot;</emphasis>&#32;});
<anchor xml:id="__live_location_controller_8cs_source_1l00034"/>00034 &#32;&#32;&#32;&#32;}
<anchor xml:id="__live_location_controller_8cs_source_1l00035"/>00035 
<anchor xml:id="__live_location_controller_8cs_source_1l00037"/>00037 &#32;&#32;&#32;&#32;[HttpGet(<emphasis role="stringliteral">&quot;lastLocation&quot;</emphasis>)]
<anchor xml:id="__live_location_controller_8cs_source_1l00038"/><link linkend="_class_guber_1_1_coordinates_api_1_1_controllers_1_1_live_location_controller_1a765a17485eb9b3e90021c3e1ab6d003c">00038</link> &#32;&#32;&#32;&#32;<emphasis role="keyword">public</emphasis>&#32;ActionResult&lt;LastLocationResponse&gt;&#32;<link linkend="_class_guber_1_1_coordinates_api_1_1_controllers_1_1_live_location_controller_1a765a17485eb9b3e90021c3e1ab6d003c">Last</link>([FromQuery]&#32;<emphasis role="keywordtype">string</emphasis>&#32;entityType,&#32;[FromQuery]&#32;<emphasis role="keywordtype">string</emphasis>&#32;entityId)
<anchor xml:id="__live_location_controller_8cs_source_1l00039"/>00039 &#32;&#32;&#32;&#32;{
<anchor xml:id="__live_location_controller_8cs_source_1l00040"/>00040 &#32;&#32;&#32;&#32;&#32;&#32;&#32;&#32;<emphasis role="keywordflow">if</emphasis>&#32;(<emphasis role="keywordtype">string</emphasis>.IsNullOrWhiteSpace(entityType)&#32;||&#32;<emphasis role="keywordtype">string</emphasis>.IsNullOrWhiteSpace(entityId))
<anchor xml:id="__live_location_controller_8cs_source_1l00041"/>00041 &#32;&#32;&#32;&#32;&#32;&#32;&#32;&#32;&#32;&#32;&#32;&#32;<emphasis role="keywordflow">return</emphasis>&#32;BadRequest(<emphasis role="keyword">new</emphasis>&#32;{&#32;error&#32;=&#32;<emphasis role="stringliteral">&quot;entityType&#32;and&#32;entityId&#32;required&quot;</emphasis>&#32;});
<anchor xml:id="__live_location_controller_8cs_source_1l00042"/>00042 
<anchor xml:id="__live_location_controller_8cs_source_1l00043"/>00043 &#32;&#32;&#32;&#32;&#32;&#32;&#32;&#32;var&#32;key&#32;=&#32;$<emphasis role="stringliteral">&quot;{entityType}:{entityId}&quot;</emphasis>.ToLowerInvariant();
<anchor xml:id="__live_location_controller_8cs_source_1l00044"/>00044 &#32;&#32;&#32;&#32;&#32;&#32;&#32;&#32;var&#32;res&#32;=&#32;_store.Get(key);
<anchor xml:id="__live_location_controller_8cs_source_1l00045"/>00045 &#32;&#32;&#32;&#32;&#32;&#32;&#32;&#32;<emphasis role="keywordflow">return</emphasis>&#32;res&#32;is&#32;<emphasis role="keyword">null</emphasis>&#32;?&#32;NotFound(<emphasis role="keyword">new</emphasis>&#32;{&#32;error&#32;=&#32;<emphasis role="stringliteral">&quot;Not&#32;found&quot;</emphasis>&#32;})&#32;:&#32;Ok(res);
<anchor xml:id="__live_location_controller_8cs_source_1l00046"/>00046 &#32;&#32;&#32;&#32;}
<anchor xml:id="__live_location_controller_8cs_source_1l00047"/>00047 }
</programlisting></section>
