<?xml version='1.0' encoding='UTF-8' standalone='no'?>
<section xmlns="http://docbook.org/ns/docbook" version="5.0" xmlns:xlink="http://www.w3.org/1999/xlink" xml:id="__location_store_8cs_source" xml:lang="en-US">
<title>LocationStore.cs</title>
<indexterm><primary>Guber.CoordinatesApi/Services/LocationStore.cs</primary></indexterm>
Go to the documentation of this file.<programlisting linenumbering="unnumbered"><anchor xml:id="__location_store_8cs_source_1l00001"/>00001 <emphasis role="keyword">using&#32;</emphasis>System.Collections.Concurrent;
<anchor xml:id="__location_store_8cs_source_1l00002"/>00002 <emphasis role="keyword">using&#32;</emphasis><link linkend="_namespace_guber_1_1_coordinates_api_1_1_models">Guber.CoordinatesApi.Models</link>;
<anchor xml:id="__location_store_8cs_source_1l00003"/>00003 
<anchor xml:id="__location_store_8cs_source_1l00004"/>00004 <emphasis role="keyword">namespace&#32;</emphasis><link linkend="_namespace_guber_1_1_coordinates_api_1_1_services">Guber.CoordinatesApi.Services</link>;
<anchor xml:id="__location_store_8cs_source_1l00005"/>00005 
<anchor xml:id="__location_store_8cs_source_1l00006"/><link linkend="_class_guber_1_1_coordinates_api_1_1_services_1_1_in_memory_location_store">00006</link> <emphasis role="keyword">public</emphasis>&#32;<emphasis role="keyword">sealed</emphasis>&#32;<emphasis role="keyword">class&#32;</emphasis><link linkend="_class_guber_1_1_coordinates_api_1_1_services_1_1_in_memory_location_store">InMemoryLocationStore</link>&#32;:&#32;<link linkend="_interface_guber_1_1_coordinates_api_1_1_services_1_1_i_location_store">ILocationStore</link>
<anchor xml:id="__location_store_8cs_source_1l00007"/>00007 {
<anchor xml:id="__location_store_8cs_source_1l00008"/>00008 &#32;&#32;&#32;&#32;<emphasis role="keyword">private</emphasis>&#32;readonly&#32;ConcurrentDictionary&lt;string,&#32;LastLocationResponse&gt;&#32;_store&#32;=&#32;<emphasis role="keyword">new</emphasis>();
<anchor xml:id="__location_store_8cs_source_1l00009"/>00009 
<anchor xml:id="__location_store_8cs_source_1l00010"/><link linkend="_class_guber_1_1_coordinates_api_1_1_services_1_1_in_memory_location_store_1a0054491fed9ee14f84988de0e6d9f699">00010</link> &#32;&#32;&#32;&#32;<emphasis role="keyword">public</emphasis>&#32;<emphasis role="keywordtype">void</emphasis>&#32;<link linkend="_class_guber_1_1_coordinates_api_1_1_services_1_1_in_memory_location_store_1a0054491fed9ee14f84988de0e6d9f699">Upsert</link>(<emphasis role="keywordtype">string</emphasis>&#32;entityId,&#32;<emphasis role="keywordtype">double</emphasis>&#32;lat,&#32;<emphasis role="keywordtype">double</emphasis>&#32;lon,&#32;DateTimeOffset&#32;ts)
<anchor xml:id="__location_store_8cs_source_1l00011"/>00011 &#32;&#32;&#32;&#32;&#32;&#32;&#32;&#32;=&gt;&#32;_store[entityId]&#32;=&#32;<emphasis role="keyword">new</emphasis>&#32;<link linkend="_namespace_guber_1_1_coordinates_api_1_1_models_1a7e75dcae12eb5d75a981e177a5e38e3b">LastLocationResponse</link>(entityId,&#32;lat,&#32;lon,&#32;ts);
<anchor xml:id="__location_store_8cs_source_1l00012"/>00012 
<anchor xml:id="__location_store_8cs_source_1l00013"/><link linkend="_class_guber_1_1_coordinates_api_1_1_services_1_1_in_memory_location_store_1a0ae5a928a1e48d8caa9c52ead831ccc6">00013</link> &#32;&#32;&#32;&#32;<emphasis role="keyword">public</emphasis>&#32;<link linkend="_namespace_guber_1_1_coordinates_api_1_1_models_1a7e75dcae12eb5d75a981e177a5e38e3b">LastLocationResponse</link>?&#32;<link linkend="_class_guber_1_1_coordinates_api_1_1_services_1_1_in_memory_location_store_1a0ae5a928a1e48d8caa9c52ead831ccc6">Get</link>(<emphasis role="keywordtype">string</emphasis>&#32;entityId)
<anchor xml:id="__location_store_8cs_source_1l00014"/>00014 &#32;&#32;&#32;&#32;&#32;&#32;&#32;&#32;=&gt;&#32;_store.TryGetValue(entityId,&#32;out&#32;var&#32;v)&#32;?&#32;v&#32;:&#32;<emphasis role="keyword">null</emphasis>;
<anchor xml:id="__location_store_8cs_source_1l00015"/>00015 }
</programlisting></section>
