<?xml version='1.0' encoding='UTF-8' standalone='no'?>
<section xmlns="http://docbook.org/ns/docbook" version="5.0" xmlns:xlink="http://www.w3.org/1999/xlink" xml:id="__program_8cs_source" xml:lang="en-US">
<title>Program.cs</title>
<indexterm><primary>Guber.CoordinatesApi/Program.cs</primary></indexterm>
Go to the documentation of this file.<programlisting linenumbering="unnumbered"><anchor xml:id="__program_8cs_source_1l00001"/>00001 <emphasis role="keyword">using&#32;</emphasis>Microsoft.Extensions.Http;
<anchor xml:id="__program_8cs_source_1l00002"/>00002 <emphasis role="keyword">using&#32;</emphasis>Polly;
<anchor xml:id="__program_8cs_source_1l00003"/>00003 <emphasis role="keyword">using&#32;</emphasis>Polly.Extensions.Http;
<anchor xml:id="__program_8cs_source_1l00004"/>00004 
<anchor xml:id="__program_8cs_source_1l00005"/><link linkend="__program_8cs_1a2f78352277081c620fd4cf92a5ce15e5">00005</link> var&#32;<link linkend="__program_8cs_1a2f78352277081c620fd4cf92a5ce15e5">builder</link>&#32;=&#32;WebApplication.CreateBuilder(args);
<anchor xml:id="__program_8cs_source_1l00006"/>00006 
<anchor xml:id="__program_8cs_source_1l00007"/>00007 <emphasis role="comment">//&#32;Controllers&#32;+&#32;Swagger</emphasis>
<anchor xml:id="__program_8cs_source_1l00008"/><link linkend="__program_8cs_1abc3694a0e15618f2499e5a540264f833">00008</link> <link linkend="__program_8cs_1a2f78352277081c620fd4cf92a5ce15e5">builder</link>.Services.AddControllers();
<anchor xml:id="__program_8cs_source_1l00009"/><link linkend="__program_8cs_1a0d7859f9cad50e8e9fdf015100780e07">00009</link> <link linkend="__program_8cs_1a2f78352277081c620fd4cf92a5ce15e5">builder</link>.Services.AddEndpointsApiExplorer();
<anchor xml:id="__program_8cs_source_1l00010"/><link linkend="__program_8cs_1ae0ce43c019a5621d731d0c622c793644">00010</link> <link linkend="__program_8cs_1a2f78352277081c620fd4cf92a5ce15e5">builder</link>.Services.AddSwaggerGen();
<anchor xml:id="__program_8cs_source_1l00011"/>00011 
<anchor xml:id="__program_8cs_source_1l00012"/>00012 <emphasis role="comment">//&#32;CORS&#32;(adjust&#32;to&#32;your&#32;UI&#32;origin)</emphasis>
<anchor xml:id="__program_8cs_source_1l00013"/><link linkend="__program_8cs_1a9026761770a93614dd7df7b8bd39d9a1">00013</link> var&#32;<link linkend="__program_8cs_1a9026761770a93614dd7df7b8bd39d9a1">corsPolicy</link>&#32;=&#32;<emphasis role="stringliteral">&quot;AllowFrontend&quot;</emphasis>;
<anchor xml:id="__program_8cs_source_1l00014"/><link linkend="__program_8cs_1a062baa8af6464d3578eff276db4fa2d1">00014</link> <link linkend="__program_8cs_1a2f78352277081c620fd4cf92a5ce15e5">builder</link>.Services.AddCors(opt&#32;=&gt;
<anchor xml:id="__program_8cs_source_1l00015"/>00015 {
<anchor xml:id="__program_8cs_source_1l00016"/>00016 &#32;&#32;&#32;&#32;opt.AddPolicy(<link linkend="__program_8cs_1a9026761770a93614dd7df7b8bd39d9a1">corsPolicy</link>,&#32;p&#32;=&gt;
<anchor xml:id="__program_8cs_source_1l00017"/>00017 &#32;&#32;&#32;&#32;&#32;&#32;&#32;&#32;p.WithOrigins(<link linkend="__program_8cs_1a2f78352277081c620fd4cf92a5ce15e5">builder</link>.Configuration.GetSection(<emphasis role="stringliteral">&quot;Cors:AllowOrigins&quot;</emphasis>).Get&lt;<emphasis role="keywordtype">string</emphasis>[]&gt;()&#32;??&#32;[])
<anchor xml:id="__program_8cs_source_1l00018"/>00018 &#32;&#32;&#32;&#32;&#32;&#32;&#32;&#32;&#32;.AllowAnyHeader()
<anchor xml:id="__program_8cs_source_1l00019"/>00019 &#32;&#32;&#32;&#32;&#32;&#32;&#32;&#32;&#32;.AllowAnyMethod()
<anchor xml:id="__program_8cs_source_1l00020"/>00020 &#32;&#32;&#32;&#32;&#32;&#32;&#32;&#32;&#32;.AllowCredentials());
<anchor xml:id="__program_8cs_source_1l00021"/>00021 });
<anchor xml:id="__program_8cs_source_1l00022"/>00022 
<anchor xml:id="__program_8cs_source_1l00023"/>00023 <emphasis role="comment">//&#32;HttpClient&#32;resilience&#32;(simple&#32;retry&#32;for&#32;transient&#32;errors)</emphasis>
<anchor xml:id="__program_8cs_source_1l00024"/>00024 <emphasis role="keyword">static</emphasis>&#32;IAsyncPolicy&lt;HttpResponseMessage&gt;&#32;GetRetryPolicy()&#32;=&gt;
<anchor xml:id="__program_8cs_source_1l00025"/>00025 &#32;&#32;&#32;&#32;HttpPolicyExtensions
<anchor xml:id="__program_8cs_source_1l00026"/>00026 &#32;&#32;&#32;&#32;&#32;&#32;&#32;&#32;.HandleTransientHttpError()
<anchor xml:id="__program_8cs_source_1l00027"/>00027 &#32;&#32;&#32;&#32;&#32;&#32;&#32;&#32;.OrResult(msg&#32;=&gt;&#32;(<emphasis role="keywordtype">int</emphasis>)msg.StatusCode&#32;==&#32;429)&#32;<emphasis role="comment">//&#32;Too&#32;Many&#32;Requests</emphasis>
<anchor xml:id="__program_8cs_source_1l00028"/>00028 &#32;&#32;&#32;&#32;&#32;&#32;&#32;&#32;.WaitAndRetryAsync(3,&#32;retryAttempt&#32;=&gt;&#32;TimeSpan.FromMilliseconds(200&#32;*&#32;retryAttempt));
<anchor xml:id="__program_8cs_source_1l00029"/>00029 
<anchor xml:id="__program_8cs_source_1l00030"/>00030 <emphasis role="comment">//&#32;Services&#32;(DI)</emphasis>
<anchor xml:id="__program_8cs_source_1l00031"/><link linkend="__program_8cs_1abe2064421c67583b9bc418dbf2579107">00031</link> <link linkend="__program_8cs_1a2f78352277081c620fd4cf92a5ce15e5">builder</link>.Services.AddSingleton&lt;<link linkend="_namespace_guber">Guber</link>.<link linkend="_namespace_guber_1_1_coordinates_api">CoordinatesApi</link>.<link linkend="_namespace_guber_1_1_coordinates_api_1_1_services">Services</link>.<link linkend="_interface_guber_1_1_coordinates_api_1_1_services_1_1_i_location_store">ILocationStore</link>,&#32;<link linkend="_namespace_guber">Guber</link>.<link linkend="_namespace_guber_1_1_coordinates_api">CoordinatesApi</link>.<link linkend="_namespace_guber_1_1_coordinates_api_1_1_services">Services</link>.<link linkend="_class_guber_1_1_coordinates_api_1_1_services_1_1_in_memory_location_store">InMemoryLocationStore</link>&gt;();
<anchor xml:id="__program_8cs_source_1l00032"/><link linkend="__program_8cs_1a648dce7b43d04574b2ea766aaeb81981">00032</link> <link linkend="__program_8cs_1a2f78352277081c620fd4cf92a5ce15e5">builder</link>.Services.AddSingleton&lt;<link linkend="_namespace_guber">Guber</link>.<link linkend="_namespace_guber_1_1_coordinates_api">CoordinatesApi</link>.<link linkend="_namespace_guber_1_1_coordinates_api_1_1_services">Services</link>.<link linkend="_interface_guber_1_1_coordinates_api_1_1_services_1_1_i_fare_service">IFareService</link>,&#32;<link linkend="_namespace_guber">Guber</link>.<link linkend="_namespace_guber_1_1_coordinates_api">CoordinatesApi</link>.<link linkend="_namespace_guber_1_1_coordinates_api_1_1_services">Services</link>.<link linkend="_class_guber_1_1_coordinates_api_1_1_services_1_1_fare_service">FareService</link>&gt;();
<anchor xml:id="__program_8cs_source_1l00033"/>00033 
<anchor xml:id="__program_8cs_source_1l00034"/><link linkend="__program_8cs_1aa38e6e25968a9a6c2ce3b62839906d07">00034</link> <link linkend="__program_8cs_1a2f78352277081c620fd4cf92a5ce15e5">builder</link>.Services.AddHttpClient&lt;<link linkend="_namespace_guber">Guber</link>.<link linkend="_namespace_guber_1_1_coordinates_api">CoordinatesApi</link>.<link linkend="_namespace_guber_1_1_coordinates_api_1_1_services">Services</link>.<link linkend="_interface_guber_1_1_coordinates_api_1_1_services_1_1_i_geocoding_service">IGeocodingService</link>,&#32;<link linkend="_namespace_guber">Guber</link>.<link linkend="_namespace_guber_1_1_coordinates_api">CoordinatesApi</link>.<link linkend="_namespace_guber_1_1_coordinates_api_1_1_services">Services</link>.<link linkend="_class_guber_1_1_coordinates_api_1_1_services_1_1_nominatim_geocoding_service">NominatimGeocodingService</link>&gt;(client&#32;=&gt;
<anchor xml:id="__program_8cs_source_1l00035"/>00035 {
<anchor xml:id="__program_8cs_source_1l00036"/>00036 &#32;&#32;&#32;&#32;var&#32;cfg&#32;=&#32;<link linkend="__program_8cs_1a2f78352277081c620fd4cf92a5ce15e5">builder</link>.Configuration.GetSection(<emphasis role="stringliteral">&quot;Geocoding&quot;</emphasis>);
<anchor xml:id="__program_8cs_source_1l00037"/>00037 &#32;&#32;&#32;&#32;var&#32;baseUrl&#32;=&#32;cfg[<emphasis role="stringliteral">&quot;BaseUrl&quot;</emphasis>]&#32;??&#32;<emphasis role="stringliteral">&quot;https://nominatim.openstreetmap.org&quot;</emphasis>;
<anchor xml:id="__program_8cs_source_1l00038"/>00038 &#32;&#32;&#32;&#32;client.BaseAddress&#32;=&#32;<emphasis role="keyword">new</emphasis>&#32;Uri(baseUrl);
<anchor xml:id="__program_8cs_source_1l00039"/>00039 &#32;&#32;&#32;&#32;var&#32;ua&#32;=&#32;cfg[<emphasis role="stringliteral">&quot;UserAgent&quot;</emphasis>]&#32;??&#32;<emphasis role="stringliteral">&quot;GuberCoordinatesModule/1.0&quot;</emphasis>;
<anchor xml:id="__program_8cs_source_1l00040"/>00040 &#32;&#32;&#32;&#32;client.DefaultRequestHeaders.UserAgent.ParseAdd(ua);
<anchor xml:id="__program_8cs_source_1l00041"/>00041 &#32;&#32;&#32;&#32;var&#32;email&#32;=&#32;cfg[<emphasis role="stringliteral">&quot;Email&quot;</emphasis>];
<anchor xml:id="__program_8cs_source_1l00042"/>00042 &#32;&#32;&#32;&#32;<emphasis role="keywordflow">if</emphasis>&#32;(!<emphasis role="keywordtype">string</emphasis>.IsNullOrWhiteSpace(email))
<anchor xml:id="__program_8cs_source_1l00043"/>00043 &#32;&#32;&#32;&#32;&#32;&#32;&#32;&#32;client.DefaultRequestHeaders.Add(<emphasis role="stringliteral">&quot;From&quot;</emphasis>,&#32;email);
<anchor xml:id="__program_8cs_source_1l00044"/>00044 &#32;&#32;&#32;&#32;client.Timeout&#32;=&#32;TimeSpan.FromSeconds(cfg.GetValue(<emphasis role="stringliteral">&quot;TimeoutSeconds&quot;</emphasis>,&#32;10));
<anchor xml:id="__program_8cs_source_1l00045"/>00045 }).AddPolicyHandler(GetRetryPolicy());
<anchor xml:id="__program_8cs_source_1l00046"/>00046 
<anchor xml:id="__program_8cs_source_1l00047"/><link linkend="__program_8cs_1ac78fc9eba8e05193fdbdea7ff2a6955d">00047</link> <link linkend="__program_8cs_1a2f78352277081c620fd4cf92a5ce15e5">builder</link>.Services.AddScoped&lt;<link linkend="_namespace_guber">Guber</link>.<link linkend="_namespace_guber_1_1_coordinates_api">CoordinatesApi</link>.<link linkend="_namespace_guber_1_1_coordinates_api_1_1_services">Services</link>.<link linkend="_interface_guber_1_1_coordinates_api_1_1_services_1_1_i_estimate_service">IEstimateService</link>,&#32;<link linkend="_namespace_guber">Guber</link>.<link linkend="_namespace_guber_1_1_coordinates_api">CoordinatesApi</link>.<link linkend="_namespace_guber_1_1_coordinates_api_1_1_services">Services</link>.<link linkend="_class_guber_1_1_coordinates_api_1_1_services_1_1_estimate_service">EstimateService</link>&gt;();
<anchor xml:id="__program_8cs_source_1l00048"/>00048 
<anchor xml:id="__program_8cs_source_1l00049"/><link linkend="__program_8cs_1ad47a5639fe4a8bf33d187647cf2ab72e">00049</link> <link linkend="__program_8cs_1a2f78352277081c620fd4cf92a5ce15e5">builder</link>.Services.AddHttpClient&lt;<link linkend="_namespace_guber">Guber</link>.<link linkend="_namespace_guber_1_1_coordinates_api">CoordinatesApi</link>.<link linkend="_namespace_guber_1_1_coordinates_api_1_1_services">Services</link>.<link linkend="_interface_guber_1_1_coordinates_api_1_1_services_1_1_i_routing_service">IRoutingService</link>,&#32;<link linkend="_namespace_guber">Guber</link>.<link linkend="_namespace_guber_1_1_coordinates_api">CoordinatesApi</link>.<link linkend="_namespace_guber_1_1_coordinates_api_1_1_services">Services</link>.<link linkend="_class_guber_1_1_coordinates_api_1_1_services_1_1_osrm_routing_service">OsrmRoutingService</link>&gt;(client&#32;=&gt;
<anchor xml:id="__program_8cs_source_1l00050"/>00050 {
<anchor xml:id="__program_8cs_source_1l00051"/>00051 &#32;&#32;&#32;&#32;var&#32;cfg&#32;=&#32;<link linkend="__program_8cs_1a2f78352277081c620fd4cf92a5ce15e5">builder</link>.Configuration.GetSection(<emphasis role="stringliteral">&quot;Routing&quot;</emphasis>);
<anchor xml:id="__program_8cs_source_1l00052"/>00052 &#32;&#32;&#32;&#32;var&#32;baseUrl&#32;=&#32;cfg[<emphasis role="stringliteral">&quot;BaseUrl&quot;</emphasis>]&#32;??&#32;<emphasis role="stringliteral">&quot;https://router.project-osrm.org&quot;</emphasis>;
<anchor xml:id="__program_8cs_source_1l00053"/>00053 &#32;&#32;&#32;&#32;client.BaseAddress&#32;=&#32;<emphasis role="keyword">new</emphasis>&#32;Uri(baseUrl);
<anchor xml:id="__program_8cs_source_1l00054"/>00054 &#32;&#32;&#32;&#32;client.Timeout&#32;=&#32;TimeSpan.FromSeconds(cfg.GetValue(<emphasis role="stringliteral">&quot;TimeoutSeconds&quot;</emphasis>,&#32;10));
<anchor xml:id="__program_8cs_source_1l00055"/>00055 }).AddPolicyHandler(GetRetryPolicy());
<anchor xml:id="__program_8cs_source_1l00056"/>00056 
<anchor xml:id="__program_8cs_source_1l00057"/><link linkend="__program_8cs_1a7b225fcb720e4d5ed2bbf60e28a25e6d">00057</link> var&#32;<link linkend="__program_8cs_1a7b225fcb720e4d5ed2bbf60e28a25e6d">app</link>&#32;=&#32;<link linkend="__program_8cs_1a2f78352277081c620fd4cf92a5ce15e5">builder</link>.Build();
<anchor xml:id="__program_8cs_source_1l00058"/>00058 
<anchor xml:id="__program_8cs_source_1l00059"/><link linkend="__program_8cs_1a9a5cfe7fee09f478241b98af703affea">00059</link> <link linkend="__program_8cs_1a7b225fcb720e4d5ed2bbf60e28a25e6d">app</link>.UseSwagger();
<anchor xml:id="__program_8cs_source_1l00060"/><link linkend="__program_8cs_1a968f30949d31f6febdcf7f3fe40bfa42">00060</link> <link linkend="__program_8cs_1a7b225fcb720e4d5ed2bbf60e28a25e6d">app</link>.UseSwaggerUI();
<anchor xml:id="__program_8cs_source_1l00061"/>00061 
<anchor xml:id="__program_8cs_source_1l00062"/><link linkend="__program_8cs_1a67d35f7eca0f23b1c44c5ab37ca8db7b">00062</link> <link linkend="__program_8cs_1a7b225fcb720e4d5ed2bbf60e28a25e6d">app</link>.UseCors(<link linkend="__program_8cs_1a9026761770a93614dd7df7b8bd39d9a1">corsPolicy</link>);
<anchor xml:id="__program_8cs_source_1l00063"/><link linkend="__program_8cs_1aa4d447fc3129a3aa301d736b8bd04ae9">00063</link> <link linkend="__program_8cs_1a7b225fcb720e4d5ed2bbf60e28a25e6d">app</link>.UseHttpsRedirection();
<anchor xml:id="__program_8cs_source_1l00064"/><link linkend="__program_8cs_1a9e2ee3170aa6279b68eefd1651f7d96c">00064</link> <link linkend="__program_8cs_1a7b225fcb720e4d5ed2bbf60e28a25e6d">app</link>.MapControllers();
<anchor xml:id="__program_8cs_source_1l00065"/>00065 
<anchor xml:id="__program_8cs_source_1l00066"/><link linkend="__program_8cs_1aaa3dbf02e269c3ef7e8546d290c6b3dd">00066</link> <link linkend="__program_8cs_1a7b225fcb720e4d5ed2bbf60e28a25e6d">app</link>.Run();
</programlisting></section>
