<?xml version='1.0' encoding='UTF-8' standalone='no'?>
<section xmlns="http://docbook.org/ns/docbook" version="5.0" xmlns:xlink="http://www.w3.org/1999/xlink" xml:id="__program_8cs" xml:lang="en-US">
<title>Guber.CoordinatesApi/Program.cs File Reference</title>
<indexterm><primary>Guber.CoordinatesApi/Program.cs</primary></indexterm>
<simplesect>
    <title>Functions    </title>
        <itemizedlist>
            <listitem><para>builder.Services. <link linkend="__program_8cs_1abc3694a0e15618f2499e5a540264f833">AddControllers</link> ()</para>
</listitem>
            <listitem><para>builder.Services. <link linkend="__program_8cs_1a0d7859f9cad50e8e9fdf015100780e07">AddEndpointsApiExplorer</link> ()</para>
</listitem>
            <listitem><para>builder.Services. <link linkend="__program_8cs_1ae0ce43c019a5621d731d0c622c793644">AddSwaggerGen</link> ()</para>
</listitem>
            <listitem><para>builder.Services. <link linkend="__program_8cs_1a062baa8af6464d3578eff276db4fa2d1">AddCors</link> (opt=&gt; { opt.AddPolicy(<link linkend="__program_8cs_1a9026761770a93614dd7df7b8bd39d9a1">corsPolicy</link>, p=&gt; p.WithOrigins(builder.Configuration.GetSection(&quot;Cors:AllowOrigins&quot;).Get&lt; string[]&gt;() ??[]) .AllowAnyHeader() .AllowAnyMethod() .AllowCredentials());})</para>
</listitem>
            <listitem><para>builder.Services. <link linkend="__program_8cs_1abe2064421c67583b9bc418dbf2579107">AddSingleton&lt; Guber.CoordinatesApi.Services.ILocationStore, Guber.CoordinatesApi.Services.InMemoryLocationStore &gt;</link> ()</para>
</listitem>
            <listitem><para>builder.Services. <link linkend="__program_8cs_1a648dce7b43d04574b2ea766aaeb81981">AddSingleton&lt; Guber.CoordinatesApi.Services.IFareService, Guber.CoordinatesApi.Services.FareService &gt;</link> ()</para>
</listitem>
            <listitem><para>builder.Services. <link linkend="__program_8cs_1aa38e6e25968a9a6c2ce3b62839906d07">AddHttpClient&lt; Guber.CoordinatesApi.Services.IGeocodingService, Guber.CoordinatesApi.Services.NominatimGeocodingService &gt;</link> (client=&gt; { var cfg=builder.Configuration.GetSection(&quot;Geocoding&quot;);var baseUrl=cfg[&quot;BaseUrl&quot;] ?? &quot;https://nominatim.openstreetmap.org&quot;;client.BaseAddress=new Uri(baseUrl);var ua=cfg[&quot;UserAgent&quot;] ?? &quot;GuberCoordinatesModule/1.0&quot;;client.DefaultRequestHeaders.UserAgent.ParseAdd(ua);var email=cfg[&quot;Email&quot;];if(!string.IsNullOrWhiteSpace(email)) client.DefaultRequestHeaders.Add(&quot;From&quot;, email);client.Timeout=TimeSpan.FromSeconds(cfg.GetValue(&quot;TimeoutSeconds&quot;, 10));}).AddPolicyHandler(GetRetryPolicy())</para>
</listitem>
            <listitem><para>builder.Services. <link linkend="__program_8cs_1ac78fc9eba8e05193fdbdea7ff2a6955d">AddScoped&lt; Guber.CoordinatesApi.Services.IEstimateService, Guber.CoordinatesApi.Services.EstimateService &gt;</link> ()</para>
</listitem>
            <listitem><para>builder.Services. <link linkend="__program_8cs_1ad47a5639fe4a8bf33d187647cf2ab72e">AddHttpClient&lt; Guber.CoordinatesApi.Services.IRoutingService, Guber.CoordinatesApi.Services.OsrmRoutingService &gt;</link> (client=&gt; { var cfg=builder.Configuration.GetSection(&quot;Routing&quot;);var baseUrl=cfg[&quot;BaseUrl&quot;] ?? &quot;https://router.project-osrm.org&quot;;client.BaseAddress=new Uri(baseUrl);client.Timeout=TimeSpan.FromSeconds(cfg.GetValue(&quot;TimeoutSeconds&quot;, 10));}).AddPolicyHandler(GetRetryPolicy())</para>
</listitem>
            <listitem><para>app. <link linkend="__program_8cs_1a9a5cfe7fee09f478241b98af703affea">UseSwagger</link> ()</para>
</listitem>
            <listitem><para>app. <link linkend="__program_8cs_1a968f30949d31f6febdcf7f3fe40bfa42">UseSwaggerUI</link> ()</para>
</listitem>
            <listitem><para>app. <link linkend="__program_8cs_1a67d35f7eca0f23b1c44c5ab37ca8db7b">UseCors</link> (<link linkend="__program_8cs_1a9026761770a93614dd7df7b8bd39d9a1">corsPolicy</link>)</para>
</listitem>
            <listitem><para>app. <link linkend="__program_8cs_1aa4d447fc3129a3aa301d736b8bd04ae9">UseHttpsRedirection</link> ()</para>
</listitem>
            <listitem><para>app. <link linkend="__program_8cs_1a9e2ee3170aa6279b68eefd1651f7d96c">MapControllers</link> ()</para>
</listitem>
            <listitem><para>app. <link linkend="__program_8cs_1aaa3dbf02e269c3ef7e8546d290c6b3dd">Run</link> ()</para>
</listitem>
        </itemizedlist>
</simplesect>
<simplesect>
    <title>Variables    </title>
        <itemizedlist>
            <listitem><para>var <link linkend="__program_8cs_1a2f78352277081c620fd4cf92a5ce15e5">builder</link> = WebApplication.CreateBuilder(args)</para>
</listitem>
            <listitem><para>var <link linkend="__program_8cs_1a9026761770a93614dd7df7b8bd39d9a1">corsPolicy</link> = &quot;AllowFrontend&quot;</para>
</listitem>
            <listitem><para>var <link linkend="__program_8cs_1a7b225fcb720e4d5ed2bbf60e28a25e6d">app</link> = builder.Build()</para>
</listitem>
        </itemizedlist>
</simplesect>
<section>
<title>Function Documentation</title>
<anchor xml:id="__program_8cs_1abc3694a0e15618f2499e5a540264f833"/><section>
    <title>AddControllers()</title>
<indexterm><primary>AddControllers</primary><secondary>Program.cs</secondary></indexterm>
<indexterm><primary>Program.cs</primary><secondary>AddControllers</secondary></indexterm>
<para><computeroutput>builder.Services. AddControllers ( )</computeroutput></para></section>
<anchor xml:id="__program_8cs_1a062baa8af6464d3578eff276db4fa2d1"/><section>
    <title>AddCors()</title>
<indexterm><primary>AddCors</primary><secondary>Program.cs</secondary></indexterm>
<indexterm><primary>Program.cs</primary><secondary>AddCors</secondary></indexterm>
<para><computeroutput>builder.Services. AddCors (opt , { opt.AddPolicy(<link linkend="__program_8cs_1a9026761770a93614dd7df7b8bd39d9a1">corsPolicy</link>, p=&gt; p.WithOrigins(builder.Configuration.GetSection(&quot;Cors:AllowOrigins&quot;).Get&lt; string[]&gt;() ??[]) .AllowAnyHeader() .AllowAnyMethod() .AllowCredentials());} )</computeroutput></para></section>
<anchor xml:id="__program_8cs_1a0d7859f9cad50e8e9fdf015100780e07"/><section>
    <title>AddEndpointsApiExplorer()</title>
<indexterm><primary>AddEndpointsApiExplorer</primary><secondary>Program.cs</secondary></indexterm>
<indexterm><primary>Program.cs</primary><secondary>AddEndpointsApiExplorer</secondary></indexterm>
<para><computeroutput>builder.Services. AddEndpointsApiExplorer ( )</computeroutput></para></section>
<anchor xml:id="__program_8cs_1aa38e6e25968a9a6c2ce3b62839906d07"/><section>
    <title>AddHttpClient&lt; Guber.CoordinatesApi.Services.IGeocodingService, Guber.CoordinatesApi.Services.NominatimGeocodingService &gt;()</title>
<indexterm><primary>AddHttpClient&lt; Guber.CoordinatesApi.Services.IGeocodingService, Guber.CoordinatesApi.Services.NominatimGeocodingService &gt;</primary><secondary>Program.cs</secondary></indexterm>
<indexterm><primary>Program.cs</primary><secondary>AddHttpClient&lt; Guber.CoordinatesApi.Services.IGeocodingService, Guber.CoordinatesApi.Services.NominatimGeocodingService &gt;</secondary></indexterm>
<para><computeroutput>builder.Services. AddHttpClient&lt; <link linkend="_interface_guber_1_1_coordinates_api_1_1_services_1_1_i_geocoding_service">Guber.CoordinatesApi.Services.IGeocodingService</link>, <link linkend="_class_guber_1_1_coordinates_api_1_1_services_1_1_nominatim_geocoding_service">Guber.CoordinatesApi.Services.NominatimGeocodingService</link> &gt; (client , { var cfg=builder.Configuration.GetSection(&quot;Geocoding&quot;);var baseUrl=cfg[&quot;BaseUrl&quot;] ?? &quot;https://nominatim.openstreetmap.org&quot;;client.BaseAddress=new Uri(baseUrl);var ua=cfg[&quot;UserAgent&quot;] ?? &quot;GuberCoordinatesModule/1.0&quot;;client.DefaultRequestHeaders.UserAgent.ParseAdd(ua);var email=cfg[&quot;Email&quot;];if(!string.IsNullOrWhiteSpace(email)) client.DefaultRequestHeaders.Add(&quot;From&quot;, email);client.Timeout=TimeSpan.FromSeconds(cfg.GetValue(&quot;TimeoutSeconds&quot;, 10));} )</computeroutput></para></section>
<anchor xml:id="__program_8cs_1ad47a5639fe4a8bf33d187647cf2ab72e"/><section>
    <title>AddHttpClient&lt; Guber.CoordinatesApi.Services.IRoutingService, Guber.CoordinatesApi.Services.OsrmRoutingService &gt;()</title>
<indexterm><primary>AddHttpClient&lt; Guber.CoordinatesApi.Services.IRoutingService, Guber.CoordinatesApi.Services.OsrmRoutingService &gt;</primary><secondary>Program.cs</secondary></indexterm>
<indexterm><primary>Program.cs</primary><secondary>AddHttpClient&lt; Guber.CoordinatesApi.Services.IRoutingService, Guber.CoordinatesApi.Services.OsrmRoutingService &gt;</secondary></indexterm>
<para><computeroutput>builder.Services. AddHttpClient&lt; <link linkend="_interface_guber_1_1_coordinates_api_1_1_services_1_1_i_routing_service">Guber.CoordinatesApi.Services.IRoutingService</link>, <link linkend="_class_guber_1_1_coordinates_api_1_1_services_1_1_osrm_routing_service">Guber.CoordinatesApi.Services.OsrmRoutingService</link> &gt; (client , { var cfg=builder.Configuration.GetSection(&quot;Routing&quot;);var baseUrl=cfg[&quot;BaseUrl&quot;] ?? &quot;https://router.project-osrm.org&quot;;client.BaseAddress=new Uri(baseUrl);client.Timeout=TimeSpan.FromSeconds(cfg.GetValue(&quot;TimeoutSeconds&quot;, 10));} )</computeroutput></para></section>
<anchor xml:id="__program_8cs_1ac78fc9eba8e05193fdbdea7ff2a6955d"/><section>
    <title>AddScoped&lt; Guber.CoordinatesApi.Services.IEstimateService, Guber.CoordinatesApi.Services.EstimateService &gt;()</title>
<indexterm><primary>AddScoped&lt; Guber.CoordinatesApi.Services.IEstimateService, Guber.CoordinatesApi.Services.EstimateService &gt;</primary><secondary>Program.cs</secondary></indexterm>
<indexterm><primary>Program.cs</primary><secondary>AddScoped&lt; Guber.CoordinatesApi.Services.IEstimateService, Guber.CoordinatesApi.Services.EstimateService &gt;</secondary></indexterm>
<para><computeroutput>builder.Services. AddScoped&lt; <link linkend="_interface_guber_1_1_coordinates_api_1_1_services_1_1_i_estimate_service">Guber.CoordinatesApi.Services.IEstimateService</link>, <link linkend="_class_guber_1_1_coordinates_api_1_1_services_1_1_estimate_service">Guber.CoordinatesApi.Services.EstimateService</link> &gt; ( )</computeroutput></para></section>
<anchor xml:id="__program_8cs_1a648dce7b43d04574b2ea766aaeb81981"/><section>
    <title>AddSingleton&lt; Guber.CoordinatesApi.Services.IFareService, Guber.CoordinatesApi.Services.FareService &gt;()</title>
<indexterm><primary>AddSingleton&lt; Guber.CoordinatesApi.Services.IFareService, Guber.CoordinatesApi.Services.FareService &gt;</primary><secondary>Program.cs</secondary></indexterm>
<indexterm><primary>Program.cs</primary><secondary>AddSingleton&lt; Guber.CoordinatesApi.Services.IFareService, Guber.CoordinatesApi.Services.FareService &gt;</secondary></indexterm>
<para><computeroutput>builder.Services. AddSingleton&lt; <link linkend="_interface_guber_1_1_coordinates_api_1_1_services_1_1_i_fare_service">Guber.CoordinatesApi.Services.IFareService</link>, <link linkend="_class_guber_1_1_coordinates_api_1_1_services_1_1_fare_service">Guber.CoordinatesApi.Services.FareService</link> &gt; ( )</computeroutput></para></section>
<anchor xml:id="__program_8cs_1abe2064421c67583b9bc418dbf2579107"/><section>
    <title>AddSingleton&lt; Guber.CoordinatesApi.Services.ILocationStore, Guber.CoordinatesApi.Services.InMemoryLocationStore &gt;()</title>
<indexterm><primary>AddSingleton&lt; Guber.CoordinatesApi.Services.ILocationStore, Guber.CoordinatesApi.Services.InMemoryLocationStore &gt;</primary><secondary>Program.cs</secondary></indexterm>
<indexterm><primary>Program.cs</primary><secondary>AddSingleton&lt; Guber.CoordinatesApi.Services.ILocationStore, Guber.CoordinatesApi.Services.InMemoryLocationStore &gt;</secondary></indexterm>
<para><computeroutput>builder.Services. AddSingleton&lt; <link linkend="_interface_guber_1_1_coordinates_api_1_1_services_1_1_i_location_store">Guber.CoordinatesApi.Services.ILocationStore</link>, <link linkend="_class_guber_1_1_coordinates_api_1_1_services_1_1_in_memory_location_store">Guber.CoordinatesApi.Services.InMemoryLocationStore</link> &gt; ( )</computeroutput></para></section>
<anchor xml:id="__program_8cs_1ae0ce43c019a5621d731d0c622c793644"/><section>
    <title>AddSwaggerGen()</title>
<indexterm><primary>AddSwaggerGen</primary><secondary>Program.cs</secondary></indexterm>
<indexterm><primary>Program.cs</primary><secondary>AddSwaggerGen</secondary></indexterm>
<para><computeroutput>builder.Services. AddSwaggerGen ( )</computeroutput></para></section>
<anchor xml:id="__program_8cs_1a9e2ee3170aa6279b68eefd1651f7d96c"/><section>
    <title>MapControllers()</title>
<indexterm><primary>MapControllers</primary><secondary>Program.cs</secondary></indexterm>
<indexterm><primary>Program.cs</primary><secondary>MapControllers</secondary></indexterm>
<para><computeroutput>app. MapControllers ( )</computeroutput></para></section>
<anchor xml:id="__program_8cs_1aaa3dbf02e269c3ef7e8546d290c6b3dd"/><section>
    <title>Run()</title>
<indexterm><primary>Run</primary><secondary>Program.cs</secondary></indexterm>
<indexterm><primary>Program.cs</primary><secondary>Run</secondary></indexterm>
<para><computeroutput>app. Run ( )</computeroutput></para></section>
<anchor xml:id="__program_8cs_1a67d35f7eca0f23b1c44c5ab37ca8db7b"/><section>
    <title>UseCors()</title>
<indexterm><primary>UseCors</primary><secondary>Program.cs</secondary></indexterm>
<indexterm><primary>Program.cs</primary><secondary>UseCors</secondary></indexterm>
<para><computeroutput>app. UseCors (<link linkend="__program_8cs_1a9026761770a93614dd7df7b8bd39d9a1">corsPolicy</link> )</computeroutput></para></section>
<anchor xml:id="__program_8cs_1aa4d447fc3129a3aa301d736b8bd04ae9"/><section>
    <title>UseHttpsRedirection()</title>
<indexterm><primary>UseHttpsRedirection</primary><secondary>Program.cs</secondary></indexterm>
<indexterm><primary>Program.cs</primary><secondary>UseHttpsRedirection</secondary></indexterm>
<para><computeroutput>app. UseHttpsRedirection ( )</computeroutput></para></section>
<anchor xml:id="__program_8cs_1a9a5cfe7fee09f478241b98af703affea"/><section>
    <title>UseSwagger()</title>
<indexterm><primary>UseSwagger</primary><secondary>Program.cs</secondary></indexterm>
<indexterm><primary>Program.cs</primary><secondary>UseSwagger</secondary></indexterm>
<para><computeroutput>app. UseSwagger ( )</computeroutput></para></section>
<anchor xml:id="__program_8cs_1a968f30949d31f6febdcf7f3fe40bfa42"/><section>
    <title>UseSwaggerUI()</title>
<indexterm><primary>UseSwaggerUI</primary><secondary>Program.cs</secondary></indexterm>
<indexterm><primary>Program.cs</primary><secondary>UseSwaggerUI</secondary></indexterm>
<para><computeroutput>app. UseSwaggerUI ( )</computeroutput></para></section>
</section>
<section>
<title>Variable Documentation</title>
<anchor xml:id="__program_8cs_1a7b225fcb720e4d5ed2bbf60e28a25e6d"/><section>
    <title>app</title>
<indexterm><primary>app</primary><secondary>Program.cs</secondary></indexterm>
<indexterm><primary>Program.cs</primary><secondary>app</secondary></indexterm>
<para><computeroutput>var app = builder.Build()</computeroutput></para><para>
Definition at line <link linkend="__program_8cs_source_1l00057">57</link> of file <link linkend="__program_8cs_source">Program.cs</link>.</para>
</section>
<anchor xml:id="__program_8cs_1a2f78352277081c620fd4cf92a5ce15e5"/><section>
    <title>builder</title>
<indexterm><primary>builder</primary><secondary>Program.cs</secondary></indexterm>
<indexterm><primary>Program.cs</primary><secondary>builder</secondary></indexterm>
<para><computeroutput>var builder = WebApplication.CreateBuilder(args)</computeroutput></para><para>
Definition at line <link linkend="__program_8cs_source_1l00005">5</link> of file <link linkend="__program_8cs_source">Program.cs</link>.</para>
</section>
<anchor xml:id="__program_8cs_1a9026761770a93614dd7df7b8bd39d9a1"/><section>
    <title>corsPolicy</title>
<indexterm><primary>corsPolicy</primary><secondary>Program.cs</secondary></indexterm>
<indexterm><primary>Program.cs</primary><secondary>corsPolicy</secondary></indexterm>
<para><computeroutput>var corsPolicy = &quot;AllowFrontend&quot;</computeroutput></para><para>
Definition at line <link linkend="__program_8cs_source_1l00013">13</link> of file <link linkend="__program_8cs_source">Program.cs</link>.</para>
</section>
</section>
</section>
