<?xml version='1.0' encoding='UTF-8' standalone='no'?>
<section xmlns="http://docbook.org/ns/docbook" version="5.0" xmlns:xlink="http://www.w3.org/1999/xlink" xml:id="__routing_service_8cs_source" xml:lang="en-US">
<title>RoutingService.cs</title>
<indexterm><primary>Guber.CoordinatesApi/Services/RoutingService.cs</primary></indexterm>
Go to the documentation of this file.<programlisting linenumbering="unnumbered"><anchor xml:id="__routing_service_8cs_source_1l00001"/>00001 <emphasis role="keyword">using&#32;</emphasis>System.Text.Json;
<anchor xml:id="__routing_service_8cs_source_1l00002"/>00002 <emphasis role="keyword">using&#32;</emphasis><link linkend="_namespace_guber_1_1_coordinates_api_1_1_models">Guber.CoordinatesApi.Models</link>;
<anchor xml:id="__routing_service_8cs_source_1l00003"/>00003 
<anchor xml:id="__routing_service_8cs_source_1l00004"/>00004 <emphasis role="keyword">namespace&#32;</emphasis><link linkend="_namespace_guber_1_1_coordinates_api_1_1_services">Guber.CoordinatesApi.Services</link>;
<anchor xml:id="__routing_service_8cs_source_1l00005"/>00005 
<anchor xml:id="__routing_service_8cs_source_1l00006"/><link linkend="_class_guber_1_1_coordinates_api_1_1_services_1_1_osrm_routing_service">00006</link> <emphasis role="keyword">public</emphasis>&#32;<emphasis role="keyword">sealed</emphasis>&#32;<emphasis role="keyword">class&#32;</emphasis><link linkend="_class_guber_1_1_coordinates_api_1_1_services_1_1_osrm_routing_service_1a53a3fe5269a8d964d4088dbe6ab96e0c">OsrmRoutingService</link>&#32;:&#32;<link linkend="_interface_guber_1_1_coordinates_api_1_1_services_1_1_i_routing_service">IRoutingService</link>
<anchor xml:id="__routing_service_8cs_source_1l00007"/>00007 {
<anchor xml:id="__routing_service_8cs_source_1l00008"/>00008 &#32;&#32;&#32;&#32;<emphasis role="keyword">private</emphasis>&#32;readonly&#32;HttpClient&#32;_http;
<anchor xml:id="__routing_service_8cs_source_1l00009"/><link linkend="_class_guber_1_1_coordinates_api_1_1_services_1_1_osrm_routing_service_1a53a3fe5269a8d964d4088dbe6ab96e0c">00009</link> &#32;&#32;&#32;&#32;<emphasis role="keyword">public</emphasis>&#32;<link linkend="_class_guber_1_1_coordinates_api_1_1_services_1_1_osrm_routing_service_1a53a3fe5269a8d964d4088dbe6ab96e0c">OsrmRoutingService</link>(HttpClient&#32;http)&#32;=&gt;&#32;_http&#32;=&#32;http;
<anchor xml:id="__routing_service_8cs_source_1l00010"/>00010 
<anchor xml:id="__routing_service_8cs_source_1l00011"/>00011 &#32;&#32;&#32;&#32;<emphasis role="keyword">private</emphasis>&#32;<emphasis role="keyword">sealed</emphasis>&#32;<emphasis role="keyword">class&#32;</emphasis>OsrmGeometry
<anchor xml:id="__routing_service_8cs_source_1l00012"/>00012 &#32;&#32;&#32;&#32;{
<anchor xml:id="__routing_service_8cs_source_1l00013"/>00013 &#32;&#32;&#32;&#32;&#32;&#32;&#32;&#32;<emphasis role="keyword">public</emphasis>&#32;<emphasis role="keywordtype">string</emphasis>?&#32;geometry&#32;{&#32;<emphasis role="keyword">get</emphasis>;&#32;<emphasis role="keyword">set</emphasis>;&#32;}&#32;<emphasis role="comment">//&#32;polyline6</emphasis>
<anchor xml:id="__routing_service_8cs_source_1l00014"/>00014 &#32;&#32;&#32;&#32;&#32;&#32;&#32;&#32;<emphasis role="keyword">public</emphasis>&#32;<emphasis role="keywordtype">double</emphasis>&#32;distance&#32;{&#32;<emphasis role="keyword">get</emphasis>;&#32;<emphasis role="keyword">set</emphasis>;&#32;}&#32;&#32;<emphasis role="comment">//&#32;meters</emphasis>
<anchor xml:id="__routing_service_8cs_source_1l00015"/>00015 &#32;&#32;&#32;&#32;&#32;&#32;&#32;&#32;<emphasis role="keyword">public</emphasis>&#32;<emphasis role="keywordtype">double</emphasis>&#32;duration&#32;{&#32;<emphasis role="keyword">get</emphasis>;&#32;<emphasis role="keyword">set</emphasis>;&#32;}&#32;&#32;<emphasis role="comment">//&#32;seconds</emphasis>
<anchor xml:id="__routing_service_8cs_source_1l00016"/>00016 &#32;&#32;&#32;&#32;}
<anchor xml:id="__routing_service_8cs_source_1l00017"/>00017 &#32;&#32;&#32;&#32;<emphasis role="keyword">private</emphasis>&#32;<emphasis role="keyword">sealed</emphasis>&#32;<emphasis role="keyword">class&#32;</emphasis>OsrmRouteResponse
<anchor xml:id="__routing_service_8cs_source_1l00018"/>00018 &#32;&#32;&#32;&#32;{
<anchor xml:id="__routing_service_8cs_source_1l00019"/>00019 &#32;&#32;&#32;&#32;&#32;&#32;&#32;&#32;<emphasis role="keyword">public</emphasis>&#32;<emphasis role="keywordtype">string</emphasis>?&#32;code&#32;{&#32;<emphasis role="keyword">get</emphasis>;&#32;<emphasis role="keyword">set</emphasis>;&#32;}
<anchor xml:id="__routing_service_8cs_source_1l00020"/>00020 &#32;&#32;&#32;&#32;&#32;&#32;&#32;&#32;<emphasis role="keyword">public</emphasis>&#32;List&lt;OsrmGeometry&gt;?&#32;routes&#32;{&#32;<emphasis role="keyword">get</emphasis>;&#32;<emphasis role="keyword">set</emphasis>;&#32;}
<anchor xml:id="__routing_service_8cs_source_1l00021"/>00021 &#32;&#32;&#32;&#32;}
<anchor xml:id="__routing_service_8cs_source_1l00022"/>00022 
<anchor xml:id="__routing_service_8cs_source_1l00023"/><link linkend="_class_guber_1_1_coordinates_api_1_1_services_1_1_osrm_routing_service_1a37f19149bc3a9a0c793d7962810285d9">00023</link> &#32;&#32;&#32;&#32;<emphasis role="keyword">public</emphasis>&#32;async&#32;Task&lt;RouteResponse&gt;&#32;<link linkend="_class_guber_1_1_coordinates_api_1_1_services_1_1_osrm_routing_service_1a37f19149bc3a9a0c793d7962810285d9">GetRouteAsync</link>(<link linkend="_namespace_guber_1_1_coordinates_api_1_1_models_1a1857adb7d55a2a6ff25a5357f51d0a4b">RouteRequest</link>&#32;req,&#32;CancellationToken&#32;ct&#32;=&#32;<emphasis role="keywordflow">default</emphasis>)
<anchor xml:id="__routing_service_8cs_source_1l00024"/>00024 &#32;&#32;&#32;&#32;{
<anchor xml:id="__routing_service_8cs_source_1l00025"/>00025 &#32;&#32;&#32;&#32;&#32;&#32;&#32;&#32;<emphasis role="comment">//&#32;OSRM&#32;wants&#32;lon,lat&#32;order</emphasis>
<anchor xml:id="__routing_service_8cs_source_1l00026"/>00026 &#32;&#32;&#32;&#32;&#32;&#32;&#32;&#32;var&#32;path&#32;=&#32;$<emphasis role="stringliteral">&quot;/route/v1/driving/{req.StartLon},{req.StartLat};{req.EndLon},{req.EndLat}?overview=full&amp;geometries=polyline6&quot;</emphasis>;
<anchor xml:id="__routing_service_8cs_source_1l00027"/>00027 &#32;&#32;&#32;&#32;&#32;&#32;&#32;&#32;var&#32;json&#32;=&#32;await&#32;_http.GetStringAsync(path,&#32;ct);
<anchor xml:id="__routing_service_8cs_source_1l00028"/>00028 
<anchor xml:id="__routing_service_8cs_source_1l00029"/>00029 &#32;&#32;&#32;&#32;&#32;&#32;&#32;&#32;var&#32;parsed&#32;=&#32;JsonSerializer.Deserialize&lt;OsrmRouteResponse&gt;(json,&#32;<emphasis role="keyword">new</emphasis>&#32;JsonSerializerOptions&#32;{&#32;PropertyNameCaseInsensitive&#32;=&#32;<emphasis role="keyword">true</emphasis>&#32;});
<anchor xml:id="__routing_service_8cs_source_1l00030"/>00030 &#32;&#32;&#32;&#32;&#32;&#32;&#32;&#32;var&#32;route&#32;=&#32;parsed?.routes?.FirstOrDefault();
<anchor xml:id="__routing_service_8cs_source_1l00031"/>00031 &#32;&#32;&#32;&#32;&#32;&#32;&#32;&#32;<emphasis role="keywordflow">if</emphasis>&#32;(parsed?.code&#32;!=&#32;<emphasis role="stringliteral">&quot;Ok&quot;</emphasis>&#32;||&#32;route&#32;==&#32;<emphasis role="keyword">null</emphasis>&#32;||&#32;<emphasis role="keywordtype">string</emphasis>.IsNullOrWhiteSpace(route.geometry))
<anchor xml:id="__routing_service_8cs_source_1l00032"/>00032 &#32;&#32;&#32;&#32;&#32;&#32;&#32;&#32;&#32;&#32;&#32;&#32;<emphasis role="keywordflow">throw</emphasis>&#32;<emphasis role="keyword">new</emphasis>&#32;InvalidOperationException(<emphasis role="stringliteral">&quot;Route&#32;not&#32;found&quot;</emphasis>);
<anchor xml:id="__routing_service_8cs_source_1l00033"/>00033 
<anchor xml:id="__routing_service_8cs_source_1l00034"/>00034 &#32;&#32;&#32;&#32;&#32;&#32;&#32;&#32;var&#32;km&#32;=&#32;Math.Round(route.distance&#32;/&#32;1000.0,&#32;3);
<anchor xml:id="__routing_service_8cs_source_1l00035"/>00035 &#32;&#32;&#32;&#32;&#32;&#32;&#32;&#32;var&#32;minutes&#32;=&#32;Math.Round(route.duration&#32;/&#32;60.0,&#32;2);
<anchor xml:id="__routing_service_8cs_source_1l00036"/>00036 &#32;&#32;&#32;&#32;&#32;&#32;&#32;&#32;<emphasis role="keywordflow">return</emphasis>&#32;<emphasis role="keyword">new</emphasis>&#32;<link linkend="_namespace_guber_1_1_coordinates_api_1_1_models_1ae640d449d327a90de571d0069ac416cc">RouteResponse</link>(km,&#32;minutes,&#32;route.geometry!);
<anchor xml:id="__routing_service_8cs_source_1l00037"/>00037 &#32;&#32;&#32;&#32;}
<anchor xml:id="__routing_service_8cs_source_1l00038"/>00038 }
</programlisting></section>
