<?xml version='1.0' encoding='UTF-8' standalone='no'?>
<section xmlns="http://docbook.org/ns/docbook" version="5.0" xmlns:xlink="http://www.w3.org/1999/xlink" xml:id="__routing_service_8cs" xml:lang="en-US">
<title>Guber.CoordinatesApi/Services/RoutingService.cs File Reference</title>
<indexterm><primary>Guber.CoordinatesApi/Services/RoutingService.cs</primary></indexterm>
<simplesect>
    <title>Classes    </title>
        <itemizedlist>
            <listitem><para>class <link linkend="_class_guber_1_1_coordinates_api_1_1_services_1_1_osrm_routing_service">Guber.CoordinatesApi.Services.OsrmRoutingService</link></para>
</listitem>
        </itemizedlist>
</simplesect>
<simplesect>
    <title>Namespaces    </title>
        <itemizedlist>
            <listitem><para>namespace <link linkend="_namespace_guber">Guber</link></para>
</listitem>
            <listitem><para>namespace <link linkend="_namespace_guber_1_1_coordinates_api">Guber.CoordinatesApi</link></para>
</listitem>
            <listitem><para>namespace <link linkend="_namespace_guber_1_1_coordinates_api_1_1_services">Guber.CoordinatesApi.Services</link></para>
</listitem>
        </itemizedlist>
</simplesect>
</section>
