<?xml version='1.0' encoding='UTF-8' standalone='no'?>
<section xmlns="http://docbook.org/ns/docbook" version="5.0" xmlns:xlink="http://www.w3.org/1999/xlink" xml:id="__routing_controller_8cs_source" xml:lang="en-US">
<title>RoutingController.cs</title>
<indexterm><primary>Guber.CoordinatesApi/Controllers/RoutingController.cs</primary></indexterm>
Go to the documentation of this file.<programlisting linenumbering="unnumbered"><anchor xml:id="__routing_controller_8cs_source_1l00001"/>00001 <emphasis role="keyword">using&#32;</emphasis><link linkend="_namespace_guber_1_1_coordinates_api_1_1_models">Guber.CoordinatesApi.Models</link>;
<anchor xml:id="__routing_controller_8cs_source_1l00002"/>00002 <emphasis role="keyword">using&#32;</emphasis><link linkend="_namespace_guber_1_1_coordinates_api_1_1_services">Guber.CoordinatesApi.Services</link>;
<anchor xml:id="__routing_controller_8cs_source_1l00003"/>00003 <emphasis role="keyword">using&#32;</emphasis>Microsoft.AspNetCore.Mvc;
<anchor xml:id="__routing_controller_8cs_source_1l00004"/>00004 
<anchor xml:id="__routing_controller_8cs_source_1l00005"/>00005 <emphasis role="keyword">namespace&#32;</emphasis><link linkend="_namespace_guber_1_1_coordinates_api_1_1_controllers">Guber.CoordinatesApi.Controllers</link>;
<anchor xml:id="__routing_controller_8cs_source_1l00006"/>00006 
<anchor xml:id="__routing_controller_8cs_source_1l00007"/>00007 [ApiController]
<anchor xml:id="__routing_controller_8cs_source_1l00008"/>00008 [Route(<emphasis role="stringliteral">&quot;api/route&quot;</emphasis>)]
<anchor xml:id="__routing_controller_8cs_source_1l00009"/><link linkend="_class_guber_1_1_coordinates_api_1_1_controllers_1_1_routing_controller">00009</link> <emphasis role="keyword">public</emphasis>&#32;<emphasis role="keyword">sealed</emphasis>&#32;<emphasis role="keyword">class&#32;</emphasis><link linkend="_class_guber_1_1_coordinates_api_1_1_controllers_1_1_routing_controller_1ac612241ae3b72bc2bfdff16dfefb860a">RoutingController</link>&#32;:&#32;ControllerBase
<anchor xml:id="__routing_controller_8cs_source_1l00010"/>00010 {
<anchor xml:id="__routing_controller_8cs_source_1l00011"/>00011 &#32;&#32;&#32;&#32;<emphasis role="keyword">private</emphasis>&#32;readonly&#32;<link linkend="_interface_guber_1_1_coordinates_api_1_1_services_1_1_i_routing_service">IRoutingService</link>&#32;_routing;
<anchor xml:id="__routing_controller_8cs_source_1l00012"/><link linkend="_class_guber_1_1_coordinates_api_1_1_controllers_1_1_routing_controller_1ac612241ae3b72bc2bfdff16dfefb860a">00012</link> &#32;&#32;&#32;&#32;<emphasis role="keyword">public</emphasis>&#32;<link linkend="_class_guber_1_1_coordinates_api_1_1_controllers_1_1_routing_controller_1ac612241ae3b72bc2bfdff16dfefb860a">RoutingController</link>(<link linkend="_interface_guber_1_1_coordinates_api_1_1_services_1_1_i_routing_service">IRoutingService</link>&#32;routing)&#32;=&gt;&#32;_routing&#32;=&#32;routing;
<anchor xml:id="__routing_controller_8cs_source_1l00013"/>00013 
<anchor xml:id="__routing_controller_8cs_source_1l00015"/>00015 &#32;&#32;&#32;&#32;[HttpPost]
<anchor xml:id="__routing_controller_8cs_source_1l00016"/><link linkend="_class_guber_1_1_coordinates_api_1_1_controllers_1_1_routing_controller_1a72f5acab14c3272f123983fff13c5dca">00016</link> &#32;&#32;&#32;&#32;<emphasis role="keyword">public</emphasis>&#32;async&#32;Task&lt;ActionResult&lt;RouteResponse&gt;&gt;&#32;<link linkend="_class_guber_1_1_coordinates_api_1_1_controllers_1_1_routing_controller_1a72f5acab14c3272f123983fff13c5dca">GetRoute</link>([FromBody]&#32;<link linkend="_namespace_guber_1_1_coordinates_api_1_1_models_1a1857adb7d55a2a6ff25a5357f51d0a4b">RouteRequest</link>&#32;req,&#32;CancellationToken&#32;ct)
<anchor xml:id="__routing_controller_8cs_source_1l00017"/>00017 &#32;&#32;&#32;&#32;{
<anchor xml:id="__routing_controller_8cs_source_1l00018"/>00018 &#32;&#32;&#32;&#32;&#32;&#32;&#32;&#32;<emphasis role="keywordflow">if</emphasis>&#32;(!IsValidCoord(req.StartLat,&#32;req.StartLon)&#32;||&#32;!IsValidCoord(req.EndLat,&#32;req.EndLon))
<anchor xml:id="__routing_controller_8cs_source_1l00019"/>00019 &#32;&#32;&#32;&#32;&#32;&#32;&#32;&#32;&#32;&#32;&#32;&#32;<emphasis role="keywordflow">return</emphasis>&#32;BadRequest(<emphasis role="keyword">new</emphasis>&#32;{&#32;error&#32;=&#32;<emphasis role="stringliteral">&quot;Invalid&#32;coordinates&quot;</emphasis>&#32;});
<anchor xml:id="__routing_controller_8cs_source_1l00020"/>00020 
<anchor xml:id="__routing_controller_8cs_source_1l00021"/>00021 &#32;&#32;&#32;&#32;&#32;&#32;&#32;&#32;var&#32;route&#32;=&#32;await&#32;_routing.GetRouteAsync(req,&#32;ct);
<anchor xml:id="__routing_controller_8cs_source_1l00022"/>00022 &#32;&#32;&#32;&#32;&#32;&#32;&#32;&#32;<emphasis role="keywordflow">return</emphasis>&#32;Ok(route);
<anchor xml:id="__routing_controller_8cs_source_1l00023"/>00023 &#32;&#32;&#32;&#32;}
<anchor xml:id="__routing_controller_8cs_source_1l00024"/>00024 
<anchor xml:id="__routing_controller_8cs_source_1l00025"/>00025 &#32;&#32;&#32;&#32;<emphasis role="keyword">private</emphasis>&#32;<emphasis role="keyword">static</emphasis>&#32;<emphasis role="keywordtype">bool</emphasis>&#32;IsValidCoord(<emphasis role="keywordtype">double</emphasis>&#32;lat,&#32;<emphasis role="keywordtype">double</emphasis>&#32;lon)
<anchor xml:id="__routing_controller_8cs_source_1l00026"/>00026 &#32;&#32;&#32;&#32;&#32;&#32;&#32;&#32;=&gt;&#32;lat&#32;is&#32;&gt;=&#32;-90&#32;and&#32;&lt;=&#32;90&#32;&amp;&amp;&#32;lon&#32;is&#32;&gt;=&#32;-180&#32;and&#32;&lt;=&#32;180;
<anchor xml:id="__routing_controller_8cs_source_1l00027"/>00027 }
</programlisting></section>
