<?xml version='1.0' encoding='UTF-8' standalone='no'?>
<section xmlns="http://docbook.org/ns/docbook" version="5.0" xmlns:xlink="http://www.w3.org/1999/xlink" xml:id="__service_abstractions_8cs_source" xml:lang="en-US">
<title>ServiceAbstractions.cs</title>
<indexterm><primary>Guber.CoordinatesApi/Services/ServiceAbstractions.cs</primary></indexterm>
Go to the documentation of this file.<programlisting linenumbering="unnumbered"><anchor xml:id="__service_abstractions_8cs_source_1l00001"/>00001 <emphasis role="keyword">using&#32;</emphasis><link linkend="_namespace_guber_1_1_coordinates_api_1_1_models">Guber.CoordinatesApi.Models</link>;
<anchor xml:id="__service_abstractions_8cs_source_1l00002"/>00002 
<anchor xml:id="__service_abstractions_8cs_source_1l00003"/>00003 <emphasis role="keyword">namespace&#32;</emphasis><link linkend="_namespace_guber_1_1_coordinates_api_1_1_services">Guber.CoordinatesApi.Services</link>;
<anchor xml:id="__service_abstractions_8cs_source_1l00004"/>00004 
<anchor xml:id="__service_abstractions_8cs_source_1l00005"/><link linkend="_interface_guber_1_1_coordinates_api_1_1_services_1_1_i_geocoding_service">00005</link> <emphasis role="keyword">public</emphasis>&#32;<emphasis role="keyword">interface&#32;</emphasis><link linkend="_interface_guber_1_1_coordinates_api_1_1_services_1_1_i_geocoding_service">IGeocodingService</link>
<anchor xml:id="__service_abstractions_8cs_source_1l00006"/>00006 {
<anchor xml:id="__service_abstractions_8cs_source_1l00007"/><link linkend="_interface_guber_1_1_coordinates_api_1_1_services_1_1_i_geocoding_service_1a616d85fe6f879a8681a916d18f6bfbc9">00007</link> &#32;&#32;&#32;&#32;Task&lt;GeocodeResult?&gt;&#32;<link linkend="_interface_guber_1_1_coordinates_api_1_1_services_1_1_i_geocoding_service_1a616d85fe6f879a8681a916d18f6bfbc9">GeocodeAsync</link>(<emphasis role="keywordtype">string</emphasis>&#32;query,&#32;CancellationToken&#32;ct&#32;=&#32;<emphasis role="keywordflow">default</emphasis>);
<anchor xml:id="__service_abstractions_8cs_source_1l00008"/>00008 }
<anchor xml:id="__service_abstractions_8cs_source_1l00009"/>00009 
<anchor xml:id="__service_abstractions_8cs_source_1l00010"/><link linkend="_interface_guber_1_1_coordinates_api_1_1_services_1_1_i_routing_service">00010</link> <emphasis role="keyword">public</emphasis>&#32;<emphasis role="keyword">interface&#32;</emphasis><link linkend="_interface_guber_1_1_coordinates_api_1_1_services_1_1_i_routing_service">IRoutingService</link>
<anchor xml:id="__service_abstractions_8cs_source_1l00011"/>00011 {
<anchor xml:id="__service_abstractions_8cs_source_1l00012"/><link linkend="_interface_guber_1_1_coordinates_api_1_1_services_1_1_i_routing_service_1a6fca3f99541a4b19fe76079a2d8af306">00012</link> &#32;&#32;&#32;&#32;Task&lt;RouteResponse&gt;&#32;<link linkend="_interface_guber_1_1_coordinates_api_1_1_services_1_1_i_routing_service_1a6fca3f99541a4b19fe76079a2d8af306">GetRouteAsync</link>(<link linkend="_namespace_guber_1_1_coordinates_api_1_1_models_1a1857adb7d55a2a6ff25a5357f51d0a4b">RouteRequest</link>&#32;req,&#32;CancellationToken&#32;ct&#32;=&#32;<emphasis role="keywordflow">default</emphasis>);
<anchor xml:id="__service_abstractions_8cs_source_1l00013"/>00013 }
<anchor xml:id="__service_abstractions_8cs_source_1l00014"/>00014 
<anchor xml:id="__service_abstractions_8cs_source_1l00015"/><link linkend="_interface_guber_1_1_coordinates_api_1_1_services_1_1_i_fare_service">00015</link> <emphasis role="keyword">public</emphasis>&#32;<emphasis role="keyword">interface&#32;</emphasis><link linkend="_interface_guber_1_1_coordinates_api_1_1_services_1_1_i_fare_service">IFareService</link>
<anchor xml:id="__service_abstractions_8cs_source_1l00016"/>00016 {
<anchor xml:id="__service_abstractions_8cs_source_1l00017"/><link linkend="_interface_guber_1_1_coordinates_api_1_1_services_1_1_i_fare_service_1a38b8989986f5b14de03d8c547e1c0cca">00017</link> &#32;&#32;&#32;&#32;<link linkend="_namespace_guber_1_1_coordinates_api_1_1_models_1a749bec9ef0d05b2248050ceb52b983f7">FareResponse</link>&#32;<link linkend="_interface_guber_1_1_coordinates_api_1_1_services_1_1_i_fare_service_1a38b8989986f5b14de03d8c547e1c0cca">Calculate</link>(<emphasis role="keywordtype">double</emphasis>&#32;distanceKm);
<anchor xml:id="__service_abstractions_8cs_source_1l00018"/>00018 }
<anchor xml:id="__service_abstractions_8cs_source_1l00019"/>00019 
<anchor xml:id="__service_abstractions_8cs_source_1l00020"/><link linkend="_interface_guber_1_1_coordinates_api_1_1_services_1_1_i_location_store">00020</link> <emphasis role="keyword">public</emphasis>&#32;<emphasis role="keyword">interface&#32;</emphasis><link linkend="_interface_guber_1_1_coordinates_api_1_1_services_1_1_i_location_store">ILocationStore</link>
<anchor xml:id="__service_abstractions_8cs_source_1l00021"/>00021 {
<anchor xml:id="__service_abstractions_8cs_source_1l00022"/><link linkend="_interface_guber_1_1_coordinates_api_1_1_services_1_1_i_location_store_1ae7aaa2caef086355bfc1d4ab4531e310">00022</link> &#32;&#32;&#32;&#32;<emphasis role="keywordtype">void</emphasis>&#32;<link linkend="_interface_guber_1_1_coordinates_api_1_1_services_1_1_i_location_store_1ae7aaa2caef086355bfc1d4ab4531e310">Upsert</link>(<emphasis role="keywordtype">string</emphasis>&#32;entityId,&#32;<emphasis role="keywordtype">double</emphasis>&#32;lat,&#32;<emphasis role="keywordtype">double</emphasis>&#32;lon,&#32;DateTimeOffset&#32;ts);
<anchor xml:id="__service_abstractions_8cs_source_1l00023"/><link linkend="_interface_guber_1_1_coordinates_api_1_1_services_1_1_i_location_store_1aa539026260acbfe3a8a6dcbc5b4deb80">00023</link> &#32;&#32;&#32;&#32;<link linkend="_namespace_guber_1_1_coordinates_api_1_1_models_1a7e75dcae12eb5d75a981e177a5e38e3b">LastLocationResponse</link>?&#32;<link linkend="_interface_guber_1_1_coordinates_api_1_1_services_1_1_i_location_store_1aa539026260acbfe3a8a6dcbc5b4deb80">Get</link>(<emphasis role="keywordtype">string</emphasis>&#32;entityId);
<anchor xml:id="__service_abstractions_8cs_source_1l00024"/>00024 }
</programlisting></section>
