<?xml version='1.0' encoding='UTF-8' standalone='no'?>
<section xmlns="http://docbook.org/ns/docbook" version="5.0" xmlns:xlink="http://www.w3.org/1999/xlink" xml:id="__weather_forecast_controller_8cs_source" xml:lang="en-US">
<title>WeatherForecastController.cs</title>
<indexterm><primary>Guber.CoordinatesApi/Controllers/WeatherForecastController.cs</primary></indexterm>
Go to the documentation of this file.<programlisting linenumbering="unnumbered"><anchor xml:id="__weather_forecast_controller_8cs_source_1l00001"/>00001 <emphasis role="keyword">using&#32;</emphasis>Microsoft.AspNetCore.Mvc;
<anchor xml:id="__weather_forecast_controller_8cs_source_1l00002"/>00002 
<anchor xml:id="__weather_forecast_controller_8cs_source_1l00003"/>00003 <emphasis role="keyword">namespace&#32;</emphasis><link linkend="_namespace_guber_1_1_coordinates_api_1_1_controllers">Guber.CoordinatesApi.Controllers</link>;
<anchor xml:id="__weather_forecast_controller_8cs_source_1l00004"/>00004 
<anchor xml:id="__weather_forecast_controller_8cs_source_1l00005"/>00005 [ApiController]
<anchor xml:id="__weather_forecast_controller_8cs_source_1l00006"/>00006 [Route(<emphasis role="stringliteral">&quot;[controller]&quot;</emphasis>)]
<anchor xml:id="__weather_forecast_controller_8cs_source_1l00007"/><link linkend="_class_guber_1_1_coordinates_api_1_1_controllers_1_1_weather_forecast_controller">00007</link> <emphasis role="keyword">public</emphasis>&#32;<emphasis role="keyword">class&#32;</emphasis><link linkend="_class_guber_1_1_coordinates_api_1_1_controllers_1_1_weather_forecast_controller_1a303d2da32b48ca27577a390719273ec8">WeatherForecastController</link>&#32;:&#32;ControllerBase
<anchor xml:id="__weather_forecast_controller_8cs_source_1l00008"/>00008 {
<anchor xml:id="__weather_forecast_controller_8cs_source_1l00009"/>00009 &#32;&#32;&#32;&#32;<emphasis role="keyword">private</emphasis>&#32;<emphasis role="keyword">static</emphasis>&#32;readonly&#32;<emphasis role="keywordtype">string</emphasis>[]&#32;Summaries&#32;=&#32;<emphasis role="keyword">new</emphasis>[]
<anchor xml:id="__weather_forecast_controller_8cs_source_1l00010"/>00010 &#32;&#32;&#32;&#32;{
<anchor xml:id="__weather_forecast_controller_8cs_source_1l00011"/>00011 &#32;&#32;&#32;&#32;&#32;&#32;&#32;&#32;<emphasis role="stringliteral">&quot;Freezing&quot;</emphasis>,&#32;<emphasis role="stringliteral">&quot;Bracing&quot;</emphasis>,&#32;<emphasis role="stringliteral">&quot;Chilly&quot;</emphasis>,&#32;<emphasis role="stringliteral">&quot;Cool&quot;</emphasis>,&#32;<emphasis role="stringliteral">&quot;Mild&quot;</emphasis>,&#32;<emphasis role="stringliteral">&quot;Warm&quot;</emphasis>,&#32;<emphasis role="stringliteral">&quot;Balmy&quot;</emphasis>,&#32;<emphasis role="stringliteral">&quot;Hot&quot;</emphasis>,&#32;<emphasis role="stringliteral">&quot;Sweltering&quot;</emphasis>,&#32;<emphasis role="stringliteral">&quot;Scorching&quot;</emphasis>
<anchor xml:id="__weather_forecast_controller_8cs_source_1l00012"/>00012 &#32;&#32;&#32;&#32;};
<anchor xml:id="__weather_forecast_controller_8cs_source_1l00013"/>00013 
<anchor xml:id="__weather_forecast_controller_8cs_source_1l00014"/>00014 &#32;&#32;&#32;&#32;<emphasis role="keyword">private</emphasis>&#32;readonly&#32;ILogger&lt;WeatherForecastController&gt;&#32;_logger;
<anchor xml:id="__weather_forecast_controller_8cs_source_1l00015"/>00015 
<anchor xml:id="__weather_forecast_controller_8cs_source_1l00016"/><link linkend="_class_guber_1_1_coordinates_api_1_1_controllers_1_1_weather_forecast_controller_1a303d2da32b48ca27577a390719273ec8">00016</link> &#32;&#32;&#32;&#32;<emphasis role="keyword">public</emphasis>&#32;<link linkend="_class_guber_1_1_coordinates_api_1_1_controllers_1_1_weather_forecast_controller_1a303d2da32b48ca27577a390719273ec8">WeatherForecastController</link>(ILogger&lt;WeatherForecastController&gt;&#32;logger)
<anchor xml:id="__weather_forecast_controller_8cs_source_1l00017"/>00017 &#32;&#32;&#32;&#32;{
<anchor xml:id="__weather_forecast_controller_8cs_source_1l00018"/>00018 &#32;&#32;&#32;&#32;&#32;&#32;&#32;&#32;_logger&#32;=&#32;logger;
<anchor xml:id="__weather_forecast_controller_8cs_source_1l00019"/>00019 &#32;&#32;&#32;&#32;}
<anchor xml:id="__weather_forecast_controller_8cs_source_1l00020"/>00020 
<anchor xml:id="__weather_forecast_controller_8cs_source_1l00021"/>00021 &#32;&#32;&#32;&#32;[HttpGet(Name&#32;=&#32;<emphasis role="stringliteral">&quot;GetWeatherForecast&quot;</emphasis>)]
<anchor xml:id="__weather_forecast_controller_8cs_source_1l00022"/><link linkend="_class_guber_1_1_coordinates_api_1_1_controllers_1_1_weather_forecast_controller_1a5092d30deaa6ef10ada7c72d9f46f63a">00022</link> &#32;&#32;&#32;&#32;<emphasis role="keyword">public</emphasis>&#32;IEnumerable&lt;WeatherForecast&gt;&#32;<link linkend="_class_guber_1_1_coordinates_api_1_1_controllers_1_1_weather_forecast_controller_1a5092d30deaa6ef10ada7c72d9f46f63a">Get</link>()
<anchor xml:id="__weather_forecast_controller_8cs_source_1l00023"/>00023 &#32;&#32;&#32;&#32;{
<anchor xml:id="__weather_forecast_controller_8cs_source_1l00024"/>00024 &#32;&#32;&#32;&#32;&#32;&#32;&#32;&#32;<emphasis role="keywordflow">return</emphasis>&#32;Enumerable.Range(1,&#32;5).Select(index&#32;=&gt;&#32;<emphasis role="keyword">new</emphasis>&#32;<link linkend="_class_guber_1_1_coordinates_api_1_1_weather_forecast">WeatherForecast</link>
<anchor xml:id="__weather_forecast_controller_8cs_source_1l00025"/>00025 &#32;&#32;&#32;&#32;&#32;&#32;&#32;&#32;{
<anchor xml:id="__weather_forecast_controller_8cs_source_1l00026"/>00026 &#32;&#32;&#32;&#32;&#32;&#32;&#32;&#32;&#32;&#32;&#32;&#32;Date&#32;=&#32;DateOnly.FromDateTime(DateTime.Now.AddDays(index)),
<anchor xml:id="__weather_forecast_controller_8cs_source_1l00027"/>00027 &#32;&#32;&#32;&#32;&#32;&#32;&#32;&#32;&#32;&#32;&#32;&#32;TemperatureC&#32;=&#32;Random.Shared.Next(-20,&#32;55),
<anchor xml:id="__weather_forecast_controller_8cs_source_1l00028"/>00028 &#32;&#32;&#32;&#32;&#32;&#32;&#32;&#32;&#32;&#32;&#32;&#32;Summary&#32;=&#32;Summaries[Random.Shared.Next(Summaries.Length)]
<anchor xml:id="__weather_forecast_controller_8cs_source_1l00029"/>00029 &#32;&#32;&#32;&#32;&#32;&#32;&#32;&#32;})
<anchor xml:id="__weather_forecast_controller_8cs_source_1l00030"/>00030 &#32;&#32;&#32;&#32;&#32;&#32;&#32;&#32;.ToArray();
<anchor xml:id="__weather_forecast_controller_8cs_source_1l00031"/>00031 &#32;&#32;&#32;&#32;}
<anchor xml:id="__weather_forecast_controller_8cs_source_1l00032"/>00032 }
</programlisting></section>
