<?xml version='1.0' encoding='UTF-8' standalone='no'?>
<section xmlns="http://docbook.org/ns/docbook" version="5.0" xmlns:xlink="http://www.w3.org/1999/xlink" xml:id="__weather_forecast_8cs_source" xml:lang="en-US">
<title>WeatherForecast.cs</title>
<indexterm><primary>Guber.CoordinatesApi/WeatherForecast.cs</primary></indexterm>
Go to the documentation of this file.<programlisting linenumbering="unnumbered"><anchor xml:id="__weather_forecast_8cs_source_1l00001"/>00001 <emphasis role="keyword">namespace&#32;</emphasis><link linkend="_namespace_guber_1_1_coordinates_api">Guber.CoordinatesApi</link>;
<anchor xml:id="__weather_forecast_8cs_source_1l00002"/>00002 
<anchor xml:id="__weather_forecast_8cs_source_1l00003"/><link linkend="_class_guber_1_1_coordinates_api_1_1_weather_forecast">00003</link> <emphasis role="keyword">public</emphasis>&#32;<emphasis role="keyword">class&#32;</emphasis><link linkend="_class_guber_1_1_coordinates_api_1_1_weather_forecast">WeatherForecast</link>
<anchor xml:id="__weather_forecast_8cs_source_1l00004"/>00004 {
<anchor xml:id="__weather_forecast_8cs_source_1l00005"/><link linkend="_class_guber_1_1_coordinates_api_1_1_weather_forecast_1aa194da4b719b2316fab84e0933a97593">00005</link> &#32;&#32;&#32;&#32;<emphasis role="keyword">public</emphasis>&#32;DateOnly&#32;<link linkend="_class_guber_1_1_coordinates_api_1_1_weather_forecast_1aa194da4b719b2316fab84e0933a97593">Date</link>&#32;{&#32;<emphasis role="keyword">get</emphasis>;&#32;<emphasis role="keyword">set</emphasis>;&#32;}
<anchor xml:id="__weather_forecast_8cs_source_1l00006"/>00006 
<anchor xml:id="__weather_forecast_8cs_source_1l00007"/><link linkend="_class_guber_1_1_coordinates_api_1_1_weather_forecast_1a32e6ea826dfee8c401afe7b8b0419003">00007</link> &#32;&#32;&#32;&#32;<emphasis role="keyword">public</emphasis>&#32;<emphasis role="keywordtype">int</emphasis>&#32;<link linkend="_class_guber_1_1_coordinates_api_1_1_weather_forecast_1a32e6ea826dfee8c401afe7b8b0419003">TemperatureC</link>&#32;{&#32;<emphasis role="keyword">get</emphasis>;&#32;<emphasis role="keyword">set</emphasis>;&#32;}
<anchor xml:id="__weather_forecast_8cs_source_1l00008"/>00008 
<anchor xml:id="__weather_forecast_8cs_source_1l00009"/><link linkend="_class_guber_1_1_coordinates_api_1_1_weather_forecast_1a540b677300c734896b0f28f1a22fffb6">00009</link> &#32;&#32;&#32;&#32;<emphasis role="keyword">public</emphasis>&#32;<emphasis role="keywordtype">int</emphasis>&#32;<link linkend="_class_guber_1_1_coordinates_api_1_1_weather_forecast_1a540b677300c734896b0f28f1a22fffb6">TemperatureF</link>&#32;=&gt;&#32;32&#32;+&#32;(int)(<link linkend="_class_guber_1_1_coordinates_api_1_1_weather_forecast_1a32e6ea826dfee8c401afe7b8b0419003">TemperatureC</link>&#32;/&#32;0.5556);
<anchor xml:id="__weather_forecast_8cs_source_1l00010"/>00010 
<anchor xml:id="__weather_forecast_8cs_source_1l00011"/><link linkend="_class_guber_1_1_coordinates_api_1_1_weather_forecast_1a76997dc4a67089197319e954a8cfd6a3">00011</link> &#32;&#32;&#32;&#32;<emphasis role="keyword">public</emphasis>&#32;<emphasis role="keywordtype">string</emphasis>?&#32;<link linkend="_class_guber_1_1_coordinates_api_1_1_weather_forecast_1a76997dc4a67089197319e954a8cfd6a3">Summary</link>&#32;{&#32;<emphasis role="keyword">get</emphasis>;&#32;<emphasis role="keyword">set</emphasis>;&#32;}
<anchor xml:id="__weather_forecast_8cs_source_1l00012"/>00012 }
</programlisting></section>
