<?xml version='1.0' encoding='UTF-8' standalone='no'?>
<section xmlns="http://docbook.org/ns/docbook" version="5.0" xmlns:xlink="http://www.w3.org/1999/xlink" xml:id="_annotated" xml:lang="en-US">
<title>Class List</title>
Here are the classes, structs, unions and interfaces with brief descriptions:<link linkend="_class_demo_client">DemoClient</link><link linkend="_class_guber_1_1_coordinates_api_1_1_controllers_1_1_estimate_controller">Guber.CoordinatesApi.Controllers.EstimateController</link><link linkend="_class_demo_client_1_1_estimate_response">DemoClient.EstimateResponse</link><link linkend="_class_guber_1_1_coordinates_api_1_1_services_1_1_estimate_service">Guber.CoordinatesApi.Services.EstimateService</link><link linkend="_class_guber_1_1_coordinates_api_1_1_controllers_1_1_fare_controller">Guber.CoordinatesApi.Controllers.FareController</link><link linkend="_class_demo_client_1_1_fare_response">DemoClient.FareResponse</link><link linkend="_class_guber_1_1_coordinates_api_1_1_services_1_1_fare_service">Guber.CoordinatesApi.Services.FareService</link><link linkend="_class_guber_1_1_coordinates_api_1_1_controllers_1_1_geocoding_controller">Guber.CoordinatesApi.Controllers.GeocodingController</link><link linkend="_class_demo_client_1_1_geo_response">DemoClient.GeoResponse</link><link linkend="_class_guber_1_1_coordinates_api_1_1_controllers_1_1_health_controller">Guber.CoordinatesApi.Controllers.HealthController</link><link linkend="_interface_guber_1_1_coordinates_api_1_1_services_1_1_i_estimate_service">Guber.CoordinatesApi.Services.IEstimateService</link><link linkend="_interface_guber_1_1_coordinates_api_1_1_services_1_1_i_fare_service">Guber.CoordinatesApi.Services.IFareService</link><link linkend="_interface_guber_1_1_coordinates_api_1_1_services_1_1_i_geocoding_service">Guber.CoordinatesApi.Services.IGeocodingService</link><link linkend="_interface_guber_1_1_coordinates_api_1_1_services_1_1_i_location_store">Guber.CoordinatesApi.Services.ILocationStore</link><link linkend="_class_guber_1_1_coordinates_api_1_1_services_1_1_in_memory_location_store">Guber.CoordinatesApi.Services.InMemoryLocationStore</link><link linkend="_interface_guber_1_1_coordinates_api_1_1_services_1_1_i_routing_service">Guber.CoordinatesApi.Services.IRoutingService</link><link linkend="_class_coordinates_api_1_1_tests_1_1_live_api_tests">CoordinatesApi.Tests.LiveApiTests</link><link linkend="_class_guber_1_1_coordinates_api_1_1_controllers_1_1_live_location_controller">Guber.CoordinatesApi.Controllers.LiveLocationController</link><link linkend="_class_guber_1_1_coordinates_api_1_1_services_1_1_nominatim_geocoding_service">Guber.CoordinatesApi.Services.NominatimGeocodingService</link><link linkend="_class_guber_1_1_coordinates_api_1_1_services_1_1_osrm_routing_service">Guber.CoordinatesApi.Services.OsrmRoutingService</link><link linkend="_class_demo_client_1_1_route_point">DemoClient.RoutePoint</link><link linkend="_class_demo_client_1_1_route_wire">DemoClient.RouteWire</link><link linkend="_class_guber_1_1_coordinates_api_1_1_controllers_1_1_routing_controller">Guber.CoordinatesApi.Controllers.RoutingController</link><link linkend="_class_guber_1_1_coordinates_api_1_1_weather_forecast">Guber.CoordinatesApi.WeatherForecast</link><link linkend="_class_guber_1_1_coordinates_api_1_1_controllers_1_1_weather_forecast_controller">Guber.CoordinatesApi.Controllers.WeatherForecastController</link></section>
