<?xml version='1.0' encoding='UTF-8' standalone='no'?>
<section xmlns="http://docbook.org/ns/docbook" version="5.0" xmlns:xlink="http://www.w3.org/1999/xlink" xml:id="_class_guber_1_1_coordinates_api_1_1_controllers_1_1_live_location_controller" xml:lang="en-US">
<title>Guber.CoordinatesApi.Controllers.LiveLocationController Class Reference</title>
<indexterm><primary>Guber.CoordinatesApi.Controllers.LiveLocationController</primary></indexterm>
<para>Inheritance diagram for Guber.CoordinatesApi.Controllers.LiveLocationController:    <informalfigure>
        <mediaobject>
            <imageobject>
                <imagedata width="50%" align="center" valign="middle" scalefit="0" fileref="class_guber_1_1_coordinates_api_1_1_controllers_1_1_live_location_controller.png"></imagedata>
            </imageobject>
        </mediaobject>
    </informalfigure>
</para>
<simplesect>
    <title>Public Member Functions    </title>
        <itemizedlist>
            <listitem><para><link linkend="_class_guber_1_1_coordinates_api_1_1_controllers_1_1_live_location_controller_1a3e7e3d4a090a8c1d4045c1b18d42c501">LiveLocationController</link> (<link linkend="_interface_guber_1_1_coordinates_api_1_1_services_1_1_i_location_store">ILocationStore</link> store)</para>
</listitem>
            <listitem><para>IActionResult <link linkend="_class_guber_1_1_coordinates_api_1_1_controllers_1_1_live_location_controller_1ada2f1f81f112f816878dfc1c4e16dbc2">UpdateDriver</link> ([FromBody] LiveLocationUpdate update)</para>

<para>Update driver&apos;s live location. </para>
</listitem>
            <listitem><para>IActionResult <link linkend="_class_guber_1_1_coordinates_api_1_1_controllers_1_1_live_location_controller_1ab058461a474b776bcad4e2c9bfde2236">UpdateUser</link> ([FromBody] LiveLocationUpdate update)</para>

<para>Update user&apos;s location. </para>
</listitem>
            <listitem><para>ActionResult&lt; LastLocationResponse &gt; <link linkend="_class_guber_1_1_coordinates_api_1_1_controllers_1_1_live_location_controller_1a765a17485eb9b3e90021c3e1ab6d003c">Last</link> ([FromQuery] string entityType, [FromQuery] string entityId)</para>

<para>Get last known location for a driver or user. </para>
</listitem>
        </itemizedlist>
</simplesect>
<section>
<title>Detailed Description</title>
<para>
Definition at line <link linkend="__live_location_controller_8cs_source_1l00009">9</link> of file <link linkend="__live_location_controller_8cs_source">LiveLocationController.cs</link>.</para>
</section>
<section>
<title>Constructor &amp; Destructor Documentation</title>
<anchor xml:id="_class_guber_1_1_coordinates_api_1_1_controllers_1_1_live_location_controller_1a3e7e3d4a090a8c1d4045c1b18d42c501"/><section>
    <title>LiveLocationController()</title>
<indexterm><primary>LiveLocationController</primary><secondary>Guber.CoordinatesApi.Controllers.LiveLocationController</secondary></indexterm>
<indexterm><primary>Guber.CoordinatesApi.Controllers.LiveLocationController</primary><secondary>LiveLocationController</secondary></indexterm>
<para><computeroutput>Guber.CoordinatesApi.Controllers.LiveLocationController.LiveLocationController (<link linkend="_interface_guber_1_1_coordinates_api_1_1_services_1_1_i_location_store">ILocationStore</link> store)</computeroutput></para></section>
</section>
<section>
<title>Member Function Documentation</title>
<anchor xml:id="_class_guber_1_1_coordinates_api_1_1_controllers_1_1_live_location_controller_1a765a17485eb9b3e90021c3e1ab6d003c"/><section>
    <title>Last()</title>
<indexterm><primary>Last</primary><secondary>Guber.CoordinatesApi.Controllers.LiveLocationController</secondary></indexterm>
<indexterm><primary>Guber.CoordinatesApi.Controllers.LiveLocationController</primary><secondary>Last</secondary></indexterm>
<para><computeroutput>ActionResult&lt; LastLocationResponse &gt; Guber.CoordinatesApi.Controllers.LiveLocationController.Last ([FromQuery] string entityType, [FromQuery] string entityId)</computeroutput></para><para>

<para>Get last known location for a driver or user. </para>
</para>
<para>
Definition at line <link linkend="__live_location_controller_8cs_source_1l00038">38</link> of file <link linkend="__live_location_controller_8cs_source">LiveLocationController.cs</link>.</para>
</section>
<anchor xml:id="_class_guber_1_1_coordinates_api_1_1_controllers_1_1_live_location_controller_1ada2f1f81f112f816878dfc1c4e16dbc2"/><section>
    <title>UpdateDriver()</title>
<indexterm><primary>UpdateDriver</primary><secondary>Guber.CoordinatesApi.Controllers.LiveLocationController</secondary></indexterm>
<indexterm><primary>Guber.CoordinatesApi.Controllers.LiveLocationController</primary><secondary>UpdateDriver</secondary></indexterm>
<para><computeroutput>IActionResult Guber.CoordinatesApi.Controllers.LiveLocationController.UpdateDriver ([FromBody] LiveLocationUpdate update)</computeroutput></para><para>

<para>Update driver&apos;s live location. </para>
</para>
<para>
Definition at line <link linkend="__live_location_controller_8cs_source_1l00016">16</link> of file <link linkend="__live_location_controller_8cs_source">LiveLocationController.cs</link>.</para>
</section>
<anchor xml:id="_class_guber_1_1_coordinates_api_1_1_controllers_1_1_live_location_controller_1ab058461a474b776bcad4e2c9bfde2236"/><section>
    <title>UpdateUser()</title>
<indexterm><primary>UpdateUser</primary><secondary>Guber.CoordinatesApi.Controllers.LiveLocationController</secondary></indexterm>
<indexterm><primary>Guber.CoordinatesApi.Controllers.LiveLocationController</primary><secondary>UpdateUser</secondary></indexterm>
<para><computeroutput>IActionResult Guber.CoordinatesApi.Controllers.LiveLocationController.UpdateUser ([FromBody] LiveLocationUpdate update)</computeroutput></para><para>

<para>Update user&apos;s location. </para>
</para>
<para>
Definition at line <link linkend="__live_location_controller_8cs_source_1l00027">27</link> of file <link linkend="__live_location_controller_8cs_source">LiveLocationController.cs</link>.</para>
</section>
<para>
The documentation for this class was generated from the following file:</para>
Guber.CoordinatesApi/Controllers/<link linkend="__live_location_controller_8cs">LiveLocationController.cs</link></section>
</section>
