<?xml version='1.0' encoding='UTF-8' standalone='no'?>
<section xmlns="http://docbook.org/ns/docbook" version="5.0" xmlns:xlink="http://www.w3.org/1999/xlink" xml:id="_class_guber_1_1_coordinates_api_1_1_services_1_1_in_memory_location_store" xml:lang="en-US">
<title>Guber.CoordinatesApi.Services.InMemoryLocationStore Class Reference</title>
<indexterm><primary>Guber.CoordinatesApi.Services.InMemoryLocationStore</primary></indexterm>
<para>Inheritance diagram for Guber.CoordinatesApi.Services.InMemoryLocationStore:    <informalfigure>
        <mediaobject>
            <imageobject>
                <imagedata width="50%" align="center" valign="middle" scalefit="0" fileref="class_guber_1_1_coordinates_api_1_1_services_1_1_in_memory_location_store.png"></imagedata>
            </imageobject>
        </mediaobject>
    </informalfigure>
</para>
<simplesect>
    <title>Public Member Functions    </title>
        <itemizedlist>
            <listitem><para>void <link linkend="_class_guber_1_1_coordinates_api_1_1_services_1_1_in_memory_location_store_1a0054491fed9ee14f84988de0e6d9f699">Upsert</link> (string entityId, double lat, double lon, DateTimeOffset ts)</para>
</listitem>
            <listitem><para>LastLocationResponse? <link linkend="_class_guber_1_1_coordinates_api_1_1_services_1_1_in_memory_location_store_1a0ae5a928a1e48d8caa9c52ead831ccc6">Get</link> (string entityId)</para>
</listitem>
        </itemizedlist>
</simplesect>
<section>
<title>Detailed Description</title>
<para>
Definition at line <link linkend="__location_store_8cs_source_1l00006">6</link> of file <link linkend="__location_store_8cs_source">LocationStore.cs</link>.</para>
</section>
<section>
<title>Member Function Documentation</title>
<anchor xml:id="_class_guber_1_1_coordinates_api_1_1_services_1_1_in_memory_location_store_1a0ae5a928a1e48d8caa9c52ead831ccc6"/><section>
    <title>Get()</title>
<indexterm><primary>Get</primary><secondary>Guber.CoordinatesApi.Services.InMemoryLocationStore</secondary></indexterm>
<indexterm><primary>Guber.CoordinatesApi.Services.InMemoryLocationStore</primary><secondary>Get</secondary></indexterm>
<para><computeroutput>LastLocationResponse? Guber.CoordinatesApi.Services.InMemoryLocationStore.Get (string entityId)</computeroutput></para><para>
Implements <link linkend="_interface_guber_1_1_coordinates_api_1_1_services_1_1_i_location_store_1aa539026260acbfe3a8a6dcbc5b4deb80">Guber.CoordinatesApi.Services.ILocationStore</link>.</para>
</section>
<anchor xml:id="_class_guber_1_1_coordinates_api_1_1_services_1_1_in_memory_location_store_1a0054491fed9ee14f84988de0e6d9f699"/><section>
    <title>Upsert()</title>
<indexterm><primary>Upsert</primary><secondary>Guber.CoordinatesApi.Services.InMemoryLocationStore</secondary></indexterm>
<indexterm><primary>Guber.CoordinatesApi.Services.InMemoryLocationStore</primary><secondary>Upsert</secondary></indexterm>
<para><computeroutput>void Guber.CoordinatesApi.Services.InMemoryLocationStore.Upsert (string entityId, double lat, double lon, DateTimeOffset ts)</computeroutput></para><para>
Implements <link linkend="_interface_guber_1_1_coordinates_api_1_1_services_1_1_i_location_store_1ae7aaa2caef086355bfc1d4ab4531e310">Guber.CoordinatesApi.Services.ILocationStore</link>.</para>
</section>
<para>
The documentation for this class was generated from the following file:</para>
Guber.CoordinatesApi/Services/<link linkend="__location_store_8cs">LocationStore.cs</link></section>
</section>
