<?xml version='1.0' encoding='UTF-8' standalone='no'?>
<section xmlns="http://docbook.org/ns/docbook" version="5.0" xmlns:xlink="http://www.w3.org/1999/xlink" xml:id="_class_demo_client_1_1_estimate_response" xml:lang="en-US">
<title>DemoClient.EstimateResponse Class Reference</title>
<indexterm><primary>DemoClient.EstimateResponse</primary></indexterm>
<simplesect>
    <title>Properties    </title>
        <itemizedlist>
            <listitem><para>double <link linkend="_class_demo_client_1_1_estimate_response_1a55f16a1025355af2d6d34f8ce54163a2">Fare</link><computeroutput> [get, set]</computeroutput>
</para>
</listitem>
            <listitem><para>double <link linkend="_class_demo_client_1_1_estimate_response_1a1cf7469cb4ca0e8a28238425f8e5d85f">DistanceKm</link><computeroutput> [get, set]</computeroutput>
</para>
</listitem>
            <listitem><para>double <link linkend="_class_demo_client_1_1_estimate_response_1a4f11144066e4c74f76ddc5429769427a">DurationMinutes</link><computeroutput> [get, set]</computeroutput>
</para>
</listitem>
        </itemizedlist>
</simplesect>
<section>
<title>Detailed Description</title>
<para>
Definition at line <link linkend="__demo_client_8cs_source_1l00211">211</link> of file <link linkend="__demo_client_8cs_source">DemoClient.cs</link>.</para>
</section>
<section>
<title>Property Documentation</title>
<anchor xml:id="_class_demo_client_1_1_estimate_response_1a1cf7469cb4ca0e8a28238425f8e5d85f"/><section>
    <title>DistanceKm</title>
<indexterm><primary>DistanceKm</primary><secondary>DemoClient.EstimateResponse</secondary></indexterm>
<indexterm><primary>DemoClient.EstimateResponse</primary><secondary>DistanceKm</secondary></indexterm>
<para><computeroutput>double DemoClient.EstimateResponse.DistanceKm<computeroutput>[get]</computeroutput>, <computeroutput>[set]</computeroutput></computeroutput></para><para>
Definition at line <link linkend="__demo_client_8cs_source_1l00214">214</link> of file <link linkend="__demo_client_8cs_source">DemoClient.cs</link>.</para>
</section>
<anchor xml:id="_class_demo_client_1_1_estimate_response_1a4f11144066e4c74f76ddc5429769427a"/><section>
    <title>DurationMinutes</title>
<indexterm><primary>DurationMinutes</primary><secondary>DemoClient.EstimateResponse</secondary></indexterm>
<indexterm><primary>DemoClient.EstimateResponse</primary><secondary>DurationMinutes</secondary></indexterm>
<para><computeroutput>double DemoClient.EstimateResponse.DurationMinutes<computeroutput>[get]</computeroutput>, <computeroutput>[set]</computeroutput></computeroutput></para><para>
Definition at line <link linkend="__demo_client_8cs_source_1l00215">215</link> of file <link linkend="__demo_client_8cs_source">DemoClient.cs</link>.</para>
</section>
<anchor xml:id="_class_demo_client_1_1_estimate_response_1a55f16a1025355af2d6d34f8ce54163a2"/><section>
    <title>Fare</title>
<indexterm><primary>Fare</primary><secondary>DemoClient.EstimateResponse</secondary></indexterm>
<indexterm><primary>DemoClient.EstimateResponse</primary><secondary>Fare</secondary></indexterm>
<para><computeroutput>double DemoClient.EstimateResponse.Fare<computeroutput>[get]</computeroutput>, <computeroutput>[set]</computeroutput></computeroutput></para><para>
Definition at line <link linkend="__demo_client_8cs_source_1l00213">213</link> of file <link linkend="__demo_client_8cs_source">DemoClient.cs</link>.</para>
</section>
<para>
The documentation for this class was generated from the following file:</para>
GuberDemoClient/<link linkend="__demo_client_8cs">DemoClient.cs</link></section>
</section>
