<?xml version='1.0' encoding='UTF-8' standalone='no'?>
<section xmlns="http://docbook.org/ns/docbook" version="5.0" xmlns:xlink="http://www.w3.org/1999/xlink" xml:id="_class_guber_1_1_coordinates_api_1_1_services_1_1_nominatim_geocoding_service" xml:lang="en-US">
<title>Guber.CoordinatesApi.Services.NominatimGeocodingService Class Reference</title>
<indexterm><primary>Guber.CoordinatesApi.Services.NominatimGeocodingService</primary></indexterm>
<para>Inheritance diagram for Guber.CoordinatesApi.Services.NominatimGeocodingService:    <informalfigure>
        <mediaobject>
            <imageobject>
                <imagedata width="50%" align="center" valign="middle" scalefit="0" fileref="class_guber_1_1_coordinates_api_1_1_services_1_1_nominatim_geocoding_service.png"></imagedata>
            </imageobject>
        </mediaobject>
    </informalfigure>
</para>
<simplesect>
    <title>Public Member Functions    </title>
        <itemizedlist>
            <listitem><para><link linkend="_class_guber_1_1_coordinates_api_1_1_services_1_1_nominatim_geocoding_service_1a7a8ac9a872699f61b4801590366745f9">NominatimGeocodingService</link> (HttpClient http)</para>
</listitem>
            <listitem><para>async Task&lt; GeocodeResult?&gt; <link linkend="_class_guber_1_1_coordinates_api_1_1_services_1_1_nominatim_geocoding_service_1abc069d5a0e82fdeefa98ed5cd5e85fa5">GeocodeAsync</link> (string query, CancellationToken ct=default)</para>
</listitem>
        </itemizedlist>
</simplesect>
<section>
<title>Detailed Description</title>
<para>
Definition at line <link linkend="__geocoding_service_8cs_source_1l00007">7</link> of file <link linkend="__geocoding_service_8cs_source">GeocodingService.cs</link>.</para>
</section>
<section>
<title>Constructor &amp; Destructor Documentation</title>
<anchor xml:id="_class_guber_1_1_coordinates_api_1_1_services_1_1_nominatim_geocoding_service_1a7a8ac9a872699f61b4801590366745f9"/><section>
    <title>NominatimGeocodingService()</title>
<indexterm><primary>NominatimGeocodingService</primary><secondary>Guber.CoordinatesApi.Services.NominatimGeocodingService</secondary></indexterm>
<indexterm><primary>Guber.CoordinatesApi.Services.NominatimGeocodingService</primary><secondary>NominatimGeocodingService</secondary></indexterm>
<para><computeroutput>Guber.CoordinatesApi.Services.NominatimGeocodingService.NominatimGeocodingService (HttpClient http)</computeroutput></para></section>
</section>
<section>
<title>Member Function Documentation</title>
<anchor xml:id="_class_guber_1_1_coordinates_api_1_1_services_1_1_nominatim_geocoding_service_1abc069d5a0e82fdeefa98ed5cd5e85fa5"/><section>
    <title>GeocodeAsync()</title>
<indexterm><primary>GeocodeAsync</primary><secondary>Guber.CoordinatesApi.Services.NominatimGeocodingService</secondary></indexterm>
<indexterm><primary>Guber.CoordinatesApi.Services.NominatimGeocodingService</primary><secondary>GeocodeAsync</secondary></indexterm>
<para><computeroutput>async Task&lt; GeocodeResult?&gt; Guber.CoordinatesApi.Services.NominatimGeocodingService.GeocodeAsync (string query, CancellationToken ct = <computeroutput>default</computeroutput>
)</computeroutput></para><para>
Implements <link linkend="_interface_guber_1_1_coordinates_api_1_1_services_1_1_i_geocoding_service_1a616d85fe6f879a8681a916d18f6bfbc9">Guber.CoordinatesApi.Services.IGeocodingService</link>.</para>
<para>
Definition at line <link linkend="__geocoding_service_8cs_source_1l00020">20</link> of file <link linkend="__geocoding_service_8cs_source">GeocodingService.cs</link>.</para>
</section>
<para>
The documentation for this class was generated from the following file:</para>
Guber.CoordinatesApi/Services/<link linkend="__geocoding_service_8cs">GeocodingService.cs</link></section>
</section>
