<?xml version='1.0' encoding='UTF-8' standalone='no'?>
<section xmlns="http://docbook.org/ns/docbook" version="5.0" xmlns:xlink="http://www.w3.org/1999/xlink" xml:id="_class_guber_1_1_coordinates_api_1_1_controllers_1_1_weather_forecast_controller" xml:lang="en-US">
<title>Guber.CoordinatesApi.Controllers.WeatherForecastController Class Reference</title>
<indexterm><primary>Guber.CoordinatesApi.Controllers.WeatherForecastController</primary></indexterm>
<para>Inheritance diagram for Guber.CoordinatesApi.Controllers.WeatherForecastController:    <informalfigure>
        <mediaobject>
            <imageobject>
                <imagedata width="50%" align="center" valign="middle" scalefit="0" fileref="class_guber_1_1_coordinates_api_1_1_controllers_1_1_weather_forecast_controller.png"></imagedata>
            </imageobject>
        </mediaobject>
    </informalfigure>
</para>
<simplesect>
    <title>Public Member Functions    </title>
        <itemizedlist>
            <listitem><para><link linkend="_class_guber_1_1_coordinates_api_1_1_controllers_1_1_weather_forecast_controller_1a303d2da32b48ca27577a390719273ec8">WeatherForecastController</link> (ILogger&lt; <link linkend="_class_guber_1_1_coordinates_api_1_1_controllers_1_1_weather_forecast_controller">WeatherForecastController</link> &gt; logger)</para>
</listitem>
            <listitem><para>IEnumerable&lt; <link linkend="_class_guber_1_1_coordinates_api_1_1_weather_forecast">WeatherForecast</link> &gt; <link linkend="_class_guber_1_1_coordinates_api_1_1_controllers_1_1_weather_forecast_controller_1a5092d30deaa6ef10ada7c72d9f46f63a">Get</link> ()</para>
</listitem>
        </itemizedlist>
</simplesect>
<section>
<title>Detailed Description</title>
<para>
Definition at line <link linkend="__weather_forecast_controller_8cs_source_1l00007">7</link> of file <link linkend="__weather_forecast_controller_8cs_source">WeatherForecastController.cs</link>.</para>
</section>
<section>
<title>Constructor &amp; Destructor Documentation</title>
<anchor xml:id="_class_guber_1_1_coordinates_api_1_1_controllers_1_1_weather_forecast_controller_1a303d2da32b48ca27577a390719273ec8"/><section>
    <title>WeatherForecastController()</title>
<indexterm><primary>WeatherForecastController</primary><secondary>Guber.CoordinatesApi.Controllers.WeatherForecastController</secondary></indexterm>
<indexterm><primary>Guber.CoordinatesApi.Controllers.WeatherForecastController</primary><secondary>WeatherForecastController</secondary></indexterm>
<para><computeroutput>Guber.CoordinatesApi.Controllers.WeatherForecastController.WeatherForecastController (ILogger&lt; <link linkend="_class_guber_1_1_coordinates_api_1_1_controllers_1_1_weather_forecast_controller">WeatherForecastController</link> &gt; logger)</computeroutput></para><para>
Definition at line <link linkend="__weather_forecast_controller_8cs_source_1l00016">16</link> of file <link linkend="__weather_forecast_controller_8cs_source">WeatherForecastController.cs</link>.</para>
</section>
</section>
<section>
<title>Member Function Documentation</title>
<anchor xml:id="_class_guber_1_1_coordinates_api_1_1_controllers_1_1_weather_forecast_controller_1a5092d30deaa6ef10ada7c72d9f46f63a"/><section>
    <title>Get()</title>
<indexterm><primary>Get</primary><secondary>Guber.CoordinatesApi.Controllers.WeatherForecastController</secondary></indexterm>
<indexterm><primary>Guber.CoordinatesApi.Controllers.WeatherForecastController</primary><secondary>Get</secondary></indexterm>
<para><computeroutput>IEnumerable&lt; <link linkend="_class_guber_1_1_coordinates_api_1_1_weather_forecast">WeatherForecast</link> &gt; Guber.CoordinatesApi.Controllers.WeatherForecastController.Get ( )</computeroutput></para><para>
Definition at line <link linkend="__weather_forecast_controller_8cs_source_1l00022">22</link> of file <link linkend="__weather_forecast_controller_8cs_source">WeatherForecastController.cs</link>.</para>
</section>
<para>
The documentation for this class was generated from the following file:</para>
Guber.CoordinatesApi/Controllers/<link linkend="__weather_forecast_controller_8cs">WeatherForecastController.cs</link></section>
</section>
