<?xml version='1.0' encoding='UTF-8' standalone='no'?>
<section xmlns="http://docbook.org/ns/docbook" version="5.0" xmlns:xlink="http://www.w3.org/1999/xlink" xml:id="_class_guber_1_1_coordinates_api_1_1_services_1_1_osrm_routing_service" xml:lang="en-US">
<title>Guber.CoordinatesApi.Services.OsrmRoutingService Class Reference</title>
<indexterm><primary>Guber.CoordinatesApi.Services.OsrmRoutingService</primary></indexterm>
<para>Inheritance diagram for Guber.CoordinatesApi.Services.OsrmRoutingService:    <informalfigure>
        <mediaobject>
            <imageobject>
                <imagedata width="50%" align="center" valign="middle" scalefit="0" fileref="class_guber_1_1_coordinates_api_1_1_services_1_1_osrm_routing_service.png"></imagedata>
            </imageobject>
        </mediaobject>
    </informalfigure>
</para>
<simplesect>
    <title>Public Member Functions    </title>
        <itemizedlist>
            <listitem><para><link linkend="_class_guber_1_1_coordinates_api_1_1_services_1_1_osrm_routing_service_1a53a3fe5269a8d964d4088dbe6ab96e0c">OsrmRoutingService</link> (HttpClient http)</para>
</listitem>
            <listitem><para>async Task&lt; RouteResponse &gt; <link linkend="_class_guber_1_1_coordinates_api_1_1_services_1_1_osrm_routing_service_1a37f19149bc3a9a0c793d7962810285d9">GetRouteAsync</link> (RouteRequest req, CancellationToken ct=default)</para>
</listitem>
        </itemizedlist>
</simplesect>
<section>
<title>Detailed Description</title>
<para>
Definition at line <link linkend="__routing_service_8cs_source_1l00006">6</link> of file <link linkend="__routing_service_8cs_source">RoutingService.cs</link>.</para>
</section>
<section>
<title>Constructor &amp; Destructor Documentation</title>
<anchor xml:id="_class_guber_1_1_coordinates_api_1_1_services_1_1_osrm_routing_service_1a53a3fe5269a8d964d4088dbe6ab96e0c"/><section>
    <title>OsrmRoutingService()</title>
<indexterm><primary>OsrmRoutingService</primary><secondary>Guber.CoordinatesApi.Services.OsrmRoutingService</secondary></indexterm>
<indexterm><primary>Guber.CoordinatesApi.Services.OsrmRoutingService</primary><secondary>OsrmRoutingService</secondary></indexterm>
<para><computeroutput>Guber.CoordinatesApi.Services.OsrmRoutingService.OsrmRoutingService (HttpClient http)</computeroutput></para></section>
</section>
<section>
<title>Member Function Documentation</title>
<anchor xml:id="_class_guber_1_1_coordinates_api_1_1_services_1_1_osrm_routing_service_1a37f19149bc3a9a0c793d7962810285d9"/><section>
    <title>GetRouteAsync()</title>
<indexterm><primary>GetRouteAsync</primary><secondary>Guber.CoordinatesApi.Services.OsrmRoutingService</secondary></indexterm>
<indexterm><primary>Guber.CoordinatesApi.Services.OsrmRoutingService</primary><secondary>GetRouteAsync</secondary></indexterm>
<para><computeroutput>async Task&lt; RouteResponse &gt; Guber.CoordinatesApi.Services.OsrmRoutingService.GetRouteAsync (RouteRequest req, CancellationToken ct = <computeroutput>default</computeroutput>
)</computeroutput></para><para>
Implements <link linkend="_interface_guber_1_1_coordinates_api_1_1_services_1_1_i_routing_service_1a6fca3f99541a4b19fe76079a2d8af306">Guber.CoordinatesApi.Services.IRoutingService</link>.</para>
<para>
Definition at line <link linkend="__routing_service_8cs_source_1l00023">23</link> of file <link linkend="__routing_service_8cs_source">RoutingService.cs</link>.</para>
</section>
<para>
The documentation for this class was generated from the following file:</para>
Guber.CoordinatesApi/Services/<link linkend="__routing_service_8cs">RoutingService.cs</link></section>
</section>
