<?xml version='1.0' encoding='UTF-8' standalone='no'?>
<section xmlns="http://docbook.org/ns/docbook" version="5.0" xmlns:xlink="http://www.w3.org/1999/xlink" xml:id="_class_guber_1_1_coordinates_api_1_1_services_1_1_estimate_service" xml:lang="en-US">
<title>Guber.CoordinatesApi.Services.EstimateService Class Reference</title>
<indexterm><primary>Guber.CoordinatesApi.Services.EstimateService</primary></indexterm>
<para>Inheritance diagram for Guber.CoordinatesApi.Services.EstimateService:    <informalfigure>
        <mediaobject>
            <imageobject>
                <imagedata width="50%" align="center" valign="middle" scalefit="0" fileref="class_guber_1_1_coordinates_api_1_1_services_1_1_estimate_service.png"></imagedata>
            </imageobject>
        </mediaobject>
    </informalfigure>
</para>
<simplesect>
    <title>Public Member Functions    </title>
        <itemizedlist>
            <listitem><para><link linkend="_class_guber_1_1_coordinates_api_1_1_services_1_1_estimate_service_1ac0e9f92ff860f7557b0713a92936c717">EstimateService</link> (<link linkend="_interface_guber_1_1_coordinates_api_1_1_services_1_1_i_geocoding_service">IGeocodingService</link> geo, <link linkend="_interface_guber_1_1_coordinates_api_1_1_services_1_1_i_routing_service">IRoutingService</link> route, <link linkend="_interface_guber_1_1_coordinates_api_1_1_services_1_1_i_fare_service">IFareService</link> fare, ILogger&lt; <link linkend="_class_guber_1_1_coordinates_api_1_1_services_1_1_estimate_service">EstimateService</link> &gt; logger)</para>
</listitem>
            <listitem><para>async Task&lt; EstimateResponse &gt; <link linkend="_class_guber_1_1_coordinates_api_1_1_services_1_1_estimate_service_1a16b9352ebc5a212f9c8d8766baa1cfc8">GetEstimateAsync</link> (EstimateRequest req, CancellationToken ct=default)</para>
</listitem>
        </itemizedlist>
</simplesect>
<section>
<title>Detailed Description</title>
<para>
Definition at line <link linkend="__estimate_service_8cs_source_1l00010">10</link> of file <link linkend="__estimate_service_8cs_source">EstimateService.cs</link>.</para>
</section>
<section>
<title>Constructor &amp; Destructor Documentation</title>
<anchor xml:id="_class_guber_1_1_coordinates_api_1_1_services_1_1_estimate_service_1ac0e9f92ff860f7557b0713a92936c717"/><section>
    <title>EstimateService()</title>
<indexterm><primary>EstimateService</primary><secondary>Guber.CoordinatesApi.Services.EstimateService</secondary></indexterm>
<indexterm><primary>Guber.CoordinatesApi.Services.EstimateService</primary><secondary>EstimateService</secondary></indexterm>
<para><computeroutput>Guber.CoordinatesApi.Services.EstimateService.EstimateService (<link linkend="_interface_guber_1_1_coordinates_api_1_1_services_1_1_i_geocoding_service">IGeocodingService</link> geo, <link linkend="_interface_guber_1_1_coordinates_api_1_1_services_1_1_i_routing_service">IRoutingService</link> route, <link linkend="_interface_guber_1_1_coordinates_api_1_1_services_1_1_i_fare_service">IFareService</link> fare, ILogger&lt; <link linkend="_class_guber_1_1_coordinates_api_1_1_services_1_1_estimate_service">EstimateService</link> &gt; logger)</computeroutput></para><para>
Definition at line <link linkend="__estimate_service_8cs_source_1l00017">17</link> of file <link linkend="__estimate_service_8cs_source">EstimateService.cs</link>.</para>
</section>
</section>
<section>
<title>Member Function Documentation</title>
<anchor xml:id="_class_guber_1_1_coordinates_api_1_1_services_1_1_estimate_service_1a16b9352ebc5a212f9c8d8766baa1cfc8"/><section>
    <title>GetEstimateAsync()</title>
<indexterm><primary>GetEstimateAsync</primary><secondary>Guber.CoordinatesApi.Services.EstimateService</secondary></indexterm>
<indexterm><primary>Guber.CoordinatesApi.Services.EstimateService</primary><secondary>GetEstimateAsync</secondary></indexterm>
<para><computeroutput>async Task&lt; EstimateResponse &gt; Guber.CoordinatesApi.Services.EstimateService.GetEstimateAsync (EstimateRequest req, CancellationToken ct = <computeroutput>default</computeroutput>
)</computeroutput></para><para>
Implements <link linkend="_interface_guber_1_1_coordinates_api_1_1_services_1_1_i_estimate_service_1a31960aac440da95e8ba494025e1ebf5e">Guber.CoordinatesApi.Services.IEstimateService</link>.</para>
<para>
Definition at line <link linkend="__estimate_service_8cs_source_1l00029">29</link> of file <link linkend="__estimate_service_8cs_source">EstimateService.cs</link>.</para>
</section>
<para>
The documentation for this class was generated from the following file:</para>
Guber.CoordinatesApi/Services/<link linkend="__estimate_service_8cs">EstimateService.cs</link></section>
</section>
