<?xml version='1.0' encoding='UTF-8' standalone='no'?>
<section xmlns="http://docbook.org/ns/docbook" version="5.0" xmlns:xlink="http://www.w3.org/1999/xlink" xml:id="_class_guber_1_1_coordinates_api_1_1_controllers_1_1_health_controller" xml:lang="en-US">
<title>Guber.CoordinatesApi.Controllers.HealthController Class Reference</title>
<indexterm><primary>Guber.CoordinatesApi.Controllers.HealthController</primary></indexterm>
<para>Inheritance diagram for Guber.CoordinatesApi.Controllers.HealthController:    <informalfigure>
        <mediaobject>
            <imageobject>
                <imagedata width="50%" align="center" valign="middle" scalefit="0" fileref="class_guber_1_1_coordinates_api_1_1_controllers_1_1_health_controller.png"></imagedata>
            </imageobject>
        </mediaobject>
    </informalfigure>
</para>
<simplesect>
    <title>Public Member Functions    </title>
        <itemizedlist>
            <listitem><para>IActionResult <link linkend="_class_guber_1_1_coordinates_api_1_1_controllers_1_1_health_controller_1a2596a6b14bfa1e4a97671be5cbd31c36">Get</link> ()</para>
</listitem>
        </itemizedlist>
</simplesect>
<section>
<title>Detailed Description</title>
<para>
Definition at line <link linkend="__health_controller_8cs_source_1l00007">7</link> of file <link linkend="__health_controller_8cs_source">HealthController.cs</link>.</para>
</section>
<section>
<title>Member Function Documentation</title>
<anchor xml:id="_class_guber_1_1_coordinates_api_1_1_controllers_1_1_health_controller_1a2596a6b14bfa1e4a97671be5cbd31c36"/><section>
    <title>Get()</title>
<indexterm><primary>Get</primary><secondary>Guber.CoordinatesApi.Controllers.HealthController</secondary></indexterm>
<indexterm><primary>Guber.CoordinatesApi.Controllers.HealthController</primary><secondary>Get</secondary></indexterm>
<para><computeroutput>IActionResult Guber.CoordinatesApi.Controllers.HealthController.Get ( )</computeroutput></para></section>
<para>
The documentation for this class was generated from the following file:</para>
Guber.CoordinatesApi/Controllers/<link linkend="__health_controller_8cs">HealthController.cs</link></section>
</section>
