<?xml version='1.0' encoding='UTF-8' standalone='no'?>
<section xmlns="http://docbook.org/ns/docbook" version="5.0" xmlns:xlink="http://www.w3.org/1999/xlink" xml:id="_class_guber_1_1_coordinates_api_1_1_services_1_1_fare_service" xml:lang="en-US">
<title>Guber.CoordinatesApi.Services.FareService Class Reference</title>
<indexterm><primary>Guber.CoordinatesApi.Services.FareService</primary></indexterm>
<para>Inheritance diagram for Guber.CoordinatesApi.Services.FareService:    <informalfigure>
        <mediaobject>
            <imageobject>
                <imagedata width="50%" align="center" valign="middle" scalefit="0" fileref="class_guber_1_1_coordinates_api_1_1_services_1_1_fare_service.png"></imagedata>
            </imageobject>
        </mediaobject>
    </informalfigure>
</para>
<simplesect>
    <title>Public Member Functions    </title>
        <itemizedlist>
            <listitem><para><link linkend="_class_guber_1_1_coordinates_api_1_1_services_1_1_fare_service_1a6a789153e22443d9b2316d25734e8f4e">FareService</link> (IConfiguration config)</para>
</listitem>
            <listitem><para>FareResponse <link linkend="_class_guber_1_1_coordinates_api_1_1_services_1_1_fare_service_1aaa79f492f623c9ecdadb0ae2e5bda4c5">Calculate</link> (double distanceKm)</para>
</listitem>
        </itemizedlist>
</simplesect>
<section>
<title>Detailed Description</title>
<para>
Definition at line <link linkend="__fare_service_8cs_source_1l00005">5</link> of file <link linkend="__fare_service_8cs_source">FareService.cs</link>.</para>
</section>
<section>
<title>Constructor &amp; Destructor Documentation</title>
<anchor xml:id="_class_guber_1_1_coordinates_api_1_1_services_1_1_fare_service_1a6a789153e22443d9b2316d25734e8f4e"/><section>
    <title>FareService()</title>
<indexterm><primary>FareService</primary><secondary>Guber.CoordinatesApi.Services.FareService</secondary></indexterm>
<indexterm><primary>Guber.CoordinatesApi.Services.FareService</primary><secondary>FareService</secondary></indexterm>
<para><computeroutput>Guber.CoordinatesApi.Services.FareService.FareService (IConfiguration config)</computeroutput></para><para>
Definition at line <link linkend="__fare_service_8cs_source_1l00009">9</link> of file <link linkend="__fare_service_8cs_source">FareService.cs</link>.</para>
</section>
</section>
<section>
<title>Member Function Documentation</title>
<anchor xml:id="_class_guber_1_1_coordinates_api_1_1_services_1_1_fare_service_1aaa79f492f623c9ecdadb0ae2e5bda4c5"/><section>
    <title>Calculate()</title>
<indexterm><primary>Calculate</primary><secondary>Guber.CoordinatesApi.Services.FareService</secondary></indexterm>
<indexterm><primary>Guber.CoordinatesApi.Services.FareService</primary><secondary>Calculate</secondary></indexterm>
<para><computeroutput>FareResponse Guber.CoordinatesApi.Services.FareService.Calculate (double distanceKm)</computeroutput></para><para>
Implements <link linkend="_interface_guber_1_1_coordinates_api_1_1_services_1_1_i_fare_service_1a38b8989986f5b14de03d8c547e1c0cca">Guber.CoordinatesApi.Services.IFareService</link>.</para>
<para>
Definition at line <link linkend="__fare_service_8cs_source_1l00015">15</link> of file <link linkend="__fare_service_8cs_source">FareService.cs</link>.</para>
</section>
<para>
The documentation for this class was generated from the following file:</para>
Guber.CoordinatesApi/Services/<link linkend="__fare_service_8cs">FareService.cs</link></section>
</section>
