<?xml version='1.0' encoding='UTF-8' standalone='no'?>
<section xmlns="http://docbook.org/ns/docbook" version="5.0" xmlns:xlink="http://www.w3.org/1999/xlink" xml:id="_class_guber_1_1_coordinates_api_1_1_weather_forecast" xml:lang="en-US">
<title>Guber.CoordinatesApi.WeatherForecast Class Reference</title>
<indexterm><primary>Guber.CoordinatesApi.WeatherForecast</primary></indexterm>
<simplesect>
    <title>Properties    </title>
        <itemizedlist>
            <listitem><para>DateOnly <link linkend="_class_guber_1_1_coordinates_api_1_1_weather_forecast_1aa194da4b719b2316fab84e0933a97593">Date</link><computeroutput> [get, set]</computeroutput>
</para>
</listitem>
            <listitem><para>int <link linkend="_class_guber_1_1_coordinates_api_1_1_weather_forecast_1a32e6ea826dfee8c401afe7b8b0419003">TemperatureC</link><computeroutput> [get, set]</computeroutput>
</para>
</listitem>
            <listitem><para>int <link linkend="_class_guber_1_1_coordinates_api_1_1_weather_forecast_1a540b677300c734896b0f28f1a22fffb6">TemperatureF</link><computeroutput> [get]</computeroutput>
</para>
</listitem>
            <listitem><para>string? <link linkend="_class_guber_1_1_coordinates_api_1_1_weather_forecast_1a76997dc4a67089197319e954a8cfd6a3">Summary</link><computeroutput> [get, set]</computeroutput>
</para>
</listitem>
        </itemizedlist>
</simplesect>
<section>
<title>Detailed Description</title>
<para>
Definition at line <link linkend="__weather_forecast_8cs_source_1l00003">3</link> of file <link linkend="__weather_forecast_8cs_source">WeatherForecast.cs</link>.</para>
</section>
<section>
<title>Property Documentation</title>
<anchor xml:id="_class_guber_1_1_coordinates_api_1_1_weather_forecast_1aa194da4b719b2316fab84e0933a97593"/><section>
    <title>Date</title>
<indexterm><primary>Date</primary><secondary>Guber.CoordinatesApi.WeatherForecast</secondary></indexterm>
<indexterm><primary>Guber.CoordinatesApi.WeatherForecast</primary><secondary>Date</secondary></indexterm>
<para><computeroutput>DateOnly Guber.CoordinatesApi.WeatherForecast.Date<computeroutput>[get]</computeroutput>, <computeroutput>[set]</computeroutput></computeroutput></para><para>
Definition at line <link linkend="__weather_forecast_8cs_source_1l00005">5</link> of file <link linkend="__weather_forecast_8cs_source">WeatherForecast.cs</link>.</para>
</section>
<anchor xml:id="_class_guber_1_1_coordinates_api_1_1_weather_forecast_1a76997dc4a67089197319e954a8cfd6a3"/><section>
    <title>Summary</title>
<indexterm><primary>Summary</primary><secondary>Guber.CoordinatesApi.WeatherForecast</secondary></indexterm>
<indexterm><primary>Guber.CoordinatesApi.WeatherForecast</primary><secondary>Summary</secondary></indexterm>
<para><computeroutput>string? Guber.CoordinatesApi.WeatherForecast.Summary<computeroutput>[get]</computeroutput>, <computeroutput>[set]</computeroutput></computeroutput></para><para>
Definition at line <link linkend="__weather_forecast_8cs_source_1l00011">11</link> of file <link linkend="__weather_forecast_8cs_source">WeatherForecast.cs</link>.</para>
</section>
<anchor xml:id="_class_guber_1_1_coordinates_api_1_1_weather_forecast_1a32e6ea826dfee8c401afe7b8b0419003"/><section>
    <title>TemperatureC</title>
<indexterm><primary>TemperatureC</primary><secondary>Guber.CoordinatesApi.WeatherForecast</secondary></indexterm>
<indexterm><primary>Guber.CoordinatesApi.WeatherForecast</primary><secondary>TemperatureC</secondary></indexterm>
<para><computeroutput>int Guber.CoordinatesApi.WeatherForecast.TemperatureC<computeroutput>[get]</computeroutput>, <computeroutput>[set]</computeroutput></computeroutput></para><para>
Definition at line <link linkend="__weather_forecast_8cs_source_1l00007">7</link> of file <link linkend="__weather_forecast_8cs_source">WeatherForecast.cs</link>.</para>
</section>
<anchor xml:id="_class_guber_1_1_coordinates_api_1_1_weather_forecast_1a540b677300c734896b0f28f1a22fffb6"/><section>
    <title>TemperatureF</title>
<indexterm><primary>TemperatureF</primary><secondary>Guber.CoordinatesApi.WeatherForecast</secondary></indexterm>
<indexterm><primary>Guber.CoordinatesApi.WeatherForecast</primary><secondary>TemperatureF</secondary></indexterm>
<para><computeroutput>int Guber.CoordinatesApi.WeatherForecast.TemperatureF<computeroutput>[get]</computeroutput></computeroutput></para><para>
Definition at line <link linkend="__weather_forecast_8cs_source_1l00009">9</link> of file <link linkend="__weather_forecast_8cs_source">WeatherForecast.cs</link>.</para>
</section>
<para>
The documentation for this class was generated from the following file:</para>
Guber.CoordinatesApi/<link linkend="__weather_forecast_8cs">WeatherForecast.cs</link></section>
</section>
