<?xml version='1.0' encoding='UTF-8' standalone='no'?>
<section xmlns="http://docbook.org/ns/docbook" version="5.0" xmlns:xlink="http://www.w3.org/1999/xlink" xml:id="_class_demo_client" xml:lang="en-US">
<title>DemoClient Class Reference</title>
<indexterm><primary>DemoClient</primary></indexterm>
<simplesect>
    <title>Classes    </title>
        <itemizedlist>
            <listitem><para>class <link linkend="_class_demo_client_1_1_estimate_response">EstimateResponse</link></para>
</listitem>
            <listitem><para>class <link linkend="_class_demo_client_1_1_fare_response">FareResponse</link></para>
</listitem>
            <listitem><para>class <link linkend="_class_demo_client_1_1_geo_response">GeoResponse</link></para>
</listitem>
            <listitem><para>class <link linkend="_class_demo_client_1_1_route_point">RoutePoint</link></para>
</listitem>
            <listitem><para>class <link linkend="_class_demo_client_1_1_route_wire">RouteWire</link></para>
</listitem>
        </itemizedlist>
</simplesect>
<simplesect>
    <title>Static Public Member Functions    </title>
        <itemizedlist>
            <listitem><para>static async Task <link linkend="_class_demo_client_1ac5bef47bd9027c45d5594ed1a3367b18">Main</link> ()</para>
</listitem>
        </itemizedlist>
</simplesect>
<section>
<title>Detailed Description</title>
<para>
Definition at line <link linkend="__demo_client_8cs_source_1l00010">10</link> of file <link linkend="__demo_client_8cs_source">DemoClient.cs</link>.</para>
</section>
<section>
<title>Member Function Documentation</title>
<anchor xml:id="_class_demo_client_1ac5bef47bd9027c45d5594ed1a3367b18"/><section>
    <title>Main()</title>
<indexterm><primary>Main</primary><secondary>DemoClient</secondary></indexterm>
<indexterm><primary>DemoClient</primary><secondary>Main</secondary></indexterm>
<para><computeroutput>async Task DemoClient.Main ( )<computeroutput>[static]</computeroutput></computeroutput></para><para>
Definition at line <link linkend="__demo_client_8cs_source_1l00023">23</link> of file <link linkend="__demo_client_8cs_source">DemoClient.cs</link>.</para>
</section>
<para>
The documentation for this class was generated from the following file:</para>
GuberDemoClient/<link linkend="__demo_client_8cs">DemoClient.cs</link></section>
</section>
