<?xml version='1.0' encoding='UTF-8' standalone='no'?>
<section xmlns="http://docbook.org/ns/docbook" version="5.0" xmlns:xlink="http://www.w3.org/1999/xlink" xml:id="_class_demo_client_1_1_geo_response" xml:lang="en-US">
<title>DemoClient.GeoResponse Class Reference</title>
<indexterm><primary>DemoClient.GeoResponse</primary></indexterm>
<simplesect>
    <title>Properties    </title>
        <itemizedlist>
            <listitem><para>double <link linkend="_class_demo_client_1_1_geo_response_1ab1817e5268cbf28baf82654041c32a15">Latitude</link><computeroutput> [get, set]</computeroutput>
</para>
</listitem>
            <listitem><para>double <link linkend="_class_demo_client_1_1_geo_response_1a42876427bd6104eda9d16001aab67b6c">Longitude</link><computeroutput> [get, set]</computeroutput>
</para>
</listitem>
            <listitem><para>string <link linkend="_class_demo_client_1_1_geo_response_1acdc093d13b961d14f1246902942cb00f">DisplayName</link> = &quot;&quot;<computeroutput> [get, set]</computeroutput>
</para>
</listitem>
        </itemizedlist>
</simplesect>
<section>
<title>Detailed Description</title>
<para>
Definition at line <link linkend="__demo_client_8cs_source_1l00193">193</link> of file <link linkend="__demo_client_8cs_source">DemoClient.cs</link>.</para>
</section>
<section>
<title>Property Documentation</title>
<anchor xml:id="_class_demo_client_1_1_geo_response_1acdc093d13b961d14f1246902942cb00f"/><section>
    <title>DisplayName</title>
<indexterm><primary>DisplayName</primary><secondary>DemoClient.GeoResponse</secondary></indexterm>
<indexterm><primary>DemoClient.GeoResponse</primary><secondary>DisplayName</secondary></indexterm>
<para><computeroutput>string DemoClient.GeoResponse.DisplayName = &quot;&quot;<computeroutput>[get]</computeroutput>, <computeroutput>[set]</computeroutput></computeroutput></para><para>
Definition at line <link linkend="__demo_client_8cs_source_1l00197">197</link> of file <link linkend="__demo_client_8cs_source">DemoClient.cs</link>.</para>
</section>
<anchor xml:id="_class_demo_client_1_1_geo_response_1ab1817e5268cbf28baf82654041c32a15"/><section>
    <title>Latitude</title>
<indexterm><primary>Latitude</primary><secondary>DemoClient.GeoResponse</secondary></indexterm>
<indexterm><primary>DemoClient.GeoResponse</primary><secondary>Latitude</secondary></indexterm>
<para><computeroutput>double DemoClient.GeoResponse.Latitude<computeroutput>[get]</computeroutput>, <computeroutput>[set]</computeroutput></computeroutput></para><para>
Definition at line <link linkend="__demo_client_8cs_source_1l00195">195</link> of file <link linkend="__demo_client_8cs_source">DemoClient.cs</link>.</para>
</section>
<anchor xml:id="_class_demo_client_1_1_geo_response_1a42876427bd6104eda9d16001aab67b6c"/><section>
    <title>Longitude</title>
<indexterm><primary>Longitude</primary><secondary>DemoClient.GeoResponse</secondary></indexterm>
<indexterm><primary>DemoClient.GeoResponse</primary><secondary>Longitude</secondary></indexterm>
<para><computeroutput>double DemoClient.GeoResponse.Longitude<computeroutput>[get]</computeroutput>, <computeroutput>[set]</computeroutput></computeroutput></para><para>
Definition at line <link linkend="__demo_client_8cs_source_1l00196">196</link> of file <link linkend="__demo_client_8cs_source">DemoClient.cs</link>.</para>
</section>
<para>
The documentation for this class was generated from the following file:</para>
GuberDemoClient/<link linkend="__demo_client_8cs">DemoClient.cs</link></section>
</section>
