<?xml version='1.0' encoding='UTF-8' standalone='no'?>
<section xmlns="http://docbook.org/ns/docbook" version="5.0" xmlns:xlink="http://www.w3.org/1999/xlink" xml:id="_class_guber_1_1_coordinates_api_1_1_controllers_1_1_geocoding_controller" xml:lang="en-US">
<title>Guber.CoordinatesApi.Controllers.GeocodingController Class Reference</title>
<indexterm><primary>Guber.CoordinatesApi.Controllers.GeocodingController</primary></indexterm>
<para>Inheritance diagram for Guber.CoordinatesApi.Controllers.GeocodingController:    <informalfigure>
        <mediaobject>
            <imageobject>
                <imagedata width="50%" align="center" valign="middle" scalefit="0" fileref="class_guber_1_1_coordinates_api_1_1_controllers_1_1_geocoding_controller.png"></imagedata>
            </imageobject>
        </mediaobject>
    </informalfigure>
</para>
<simplesect>
    <title>Public Member Functions    </title>
        <itemizedlist>
            <listitem><para><link linkend="_class_guber_1_1_coordinates_api_1_1_controllers_1_1_geocoding_controller_1abb186b3e3d25035fe019719d9327bcbb">GeocodingController</link> (<link linkend="_interface_guber_1_1_coordinates_api_1_1_services_1_1_i_geocoding_service">IGeocodingService</link> geo)</para>
</listitem>
            <listitem><para>async Task&lt; IActionResult &gt; <link linkend="_class_guber_1_1_coordinates_api_1_1_controllers_1_1_geocoding_controller_1a5c149cd72c789fc17eae39ec973839c8">Geocode</link> ([FromQuery] string query, CancellationToken ct)</para>

<para>Convert an address/place into coordinates. </para>
</listitem>
        </itemizedlist>
</simplesect>
<section>
<title>Detailed Description</title>
<para>
Definition at line <link linkend="__geocoding_controller_8cs_source_1l00008">8</link> of file <link linkend="__geocoding_controller_8cs_source">GeocodingController.cs</link>.</para>
</section>
<section>
<title>Constructor &amp; Destructor Documentation</title>
<anchor xml:id="_class_guber_1_1_coordinates_api_1_1_controllers_1_1_geocoding_controller_1abb186b3e3d25035fe019719d9327bcbb"/><section>
    <title>GeocodingController()</title>
<indexterm><primary>GeocodingController</primary><secondary>Guber.CoordinatesApi.Controllers.GeocodingController</secondary></indexterm>
<indexterm><primary>Guber.CoordinatesApi.Controllers.GeocodingController</primary><secondary>GeocodingController</secondary></indexterm>
<para><computeroutput>Guber.CoordinatesApi.Controllers.GeocodingController.GeocodingController (<link linkend="_interface_guber_1_1_coordinates_api_1_1_services_1_1_i_geocoding_service">IGeocodingService</link> geo)</computeroutput></para></section>
</section>
<section>
<title>Member Function Documentation</title>
<anchor xml:id="_class_guber_1_1_coordinates_api_1_1_controllers_1_1_geocoding_controller_1a5c149cd72c789fc17eae39ec973839c8"/><section>
    <title>Geocode()</title>
<indexterm><primary>Geocode</primary><secondary>Guber.CoordinatesApi.Controllers.GeocodingController</secondary></indexterm>
<indexterm><primary>Guber.CoordinatesApi.Controllers.GeocodingController</primary><secondary>Geocode</secondary></indexterm>
<para><computeroutput>async Task&lt; IActionResult &gt; Guber.CoordinatesApi.Controllers.GeocodingController.Geocode ([FromQuery] string query, CancellationToken ct)</computeroutput></para><para>

<para>Convert an address/place into coordinates. </para>
</para>
<para>
Definition at line <link linkend="__geocoding_controller_8cs_source_1l00015">15</link> of file <link linkend="__geocoding_controller_8cs_source">GeocodingController.cs</link>.</para>
</section>
<para>
The documentation for this class was generated from the following file:</para>
Guber.CoordinatesApi/Controllers/<link linkend="__geocoding_controller_8cs">GeocodingController.cs</link></section>
</section>
