<?xml version='1.0' encoding='UTF-8' standalone='no'?>
<section xmlns="http://docbook.org/ns/docbook" version="5.0" xmlns:xlink="http://www.w3.org/1999/xlink" xml:id="_class_demo_client_1_1_route_point" xml:lang="en-US">
<title>DemoClient.RoutePoint Class Reference</title>
<indexterm><primary>DemoClient.RoutePoint</primary></indexterm>
<simplesect>
    <title>Properties    </title>
        <itemizedlist>
            <listitem><para>double <link linkend="_class_demo_client_1_1_route_point_1ac022c2ed5f146425df2604738b150fa3">Lat</link><computeroutput> [get, set]</computeroutput>
</para>
</listitem>
            <listitem><para>double <link linkend="_class_demo_client_1_1_route_point_1a3b424723e33460dd9b1ad9019af82e9c">Lon</link><computeroutput> [get, set]</computeroutput>
</para>
</listitem>
        </itemizedlist>
</simplesect>
<section>
<title>Detailed Description</title>
<para>
Definition at line <link linkend="__demo_client_8cs_source_1l00208">208</link> of file <link linkend="__demo_client_8cs_source">DemoClient.cs</link>.</para>
</section>
<section>
<title>Property Documentation</title>
<anchor xml:id="_class_demo_client_1_1_route_point_1ac022c2ed5f146425df2604738b150fa3"/><section>
    <title>Lat</title>
<indexterm><primary>Lat</primary><secondary>DemoClient.RoutePoint</secondary></indexterm>
<indexterm><primary>DemoClient.RoutePoint</primary><secondary>Lat</secondary></indexterm>
<para><computeroutput>double DemoClient.RoutePoint.Lat<computeroutput>[get]</computeroutput>, <computeroutput>[set]</computeroutput></computeroutput></para><para>
Definition at line <link linkend="__demo_client_8cs_source_1l00208">208</link> of file <link linkend="__demo_client_8cs_source">DemoClient.cs</link>.</para>
</section>
<anchor xml:id="_class_demo_client_1_1_route_point_1a3b424723e33460dd9b1ad9019af82e9c"/><section>
    <title>Lon</title>
<indexterm><primary>Lon</primary><secondary>DemoClient.RoutePoint</secondary></indexterm>
<indexterm><primary>DemoClient.RoutePoint</primary><secondary>Lon</secondary></indexterm>
<para><computeroutput>double DemoClient.RoutePoint.Lon<computeroutput>[get]</computeroutput>, <computeroutput>[set]</computeroutput></computeroutput></para><para>
Definition at line <link linkend="__demo_client_8cs_source_1l00208">208</link> of file <link linkend="__demo_client_8cs_source">DemoClient.cs</link>.</para>
</section>
<para>
The documentation for this class was generated from the following file:</para>
GuberDemoClient/<link linkend="__demo_client_8cs">DemoClient.cs</link></section>
</section>
