<?xml version='1.0' encoding='UTF-8' standalone='no'?>
<section xmlns="http://docbook.org/ns/docbook" version="5.0" xmlns:xlink="http://www.w3.org/1999/xlink" xml:id="_class_guber_1_1_coordinates_api_1_1_controllers_1_1_fare_controller" xml:lang="en-US">
<title>Guber.CoordinatesApi.Controllers.FareController Class Reference</title>
<indexterm><primary>Guber.CoordinatesApi.Controllers.FareController</primary></indexterm>
<para>Inheritance diagram for Guber.CoordinatesApi.Controllers.FareController:    <informalfigure>
        <mediaobject>
            <imageobject>
                <imagedata width="50%" align="center" valign="middle" scalefit="0" fileref="class_guber_1_1_coordinates_api_1_1_controllers_1_1_fare_controller.png"></imagedata>
            </imageobject>
        </mediaobject>
    </informalfigure>
</para>
<simplesect>
    <title>Public Member Functions    </title>
        <itemizedlist>
            <listitem><para><link linkend="_class_guber_1_1_coordinates_api_1_1_controllers_1_1_fare_controller_1a0bea985ab945b2895c6ce1b5ee70af7a">FareController</link> (<link linkend="_interface_guber_1_1_coordinates_api_1_1_services_1_1_i_fare_service">IFareService</link> fare)</para>
</listitem>
            <listitem><para>ActionResult&lt; FareResponse &gt; <link linkend="_class_guber_1_1_coordinates_api_1_1_controllers_1_1_fare_controller_1a2862d0235fd69f339a94374dc61fdcaa">Calc</link> ([FromBody] FareRequest req)</para>

<para>Calculate fare from distance in km. </para>
</listitem>
        </itemizedlist>
</simplesect>
<section>
<title>Detailed Description</title>
<para>
Definition at line <link linkend="__fare_controller_8cs_source_1l00009">9</link> of file <link linkend="__fare_controller_8cs_source">FareController.cs</link>.</para>
</section>
<section>
<title>Constructor &amp; Destructor Documentation</title>
<anchor xml:id="_class_guber_1_1_coordinates_api_1_1_controllers_1_1_fare_controller_1a0bea985ab945b2895c6ce1b5ee70af7a"/><section>
    <title>FareController()</title>
<indexterm><primary>FareController</primary><secondary>Guber.CoordinatesApi.Controllers.FareController</secondary></indexterm>
<indexterm><primary>Guber.CoordinatesApi.Controllers.FareController</primary><secondary>FareController</secondary></indexterm>
<para><computeroutput>Guber.CoordinatesApi.Controllers.FareController.FareController (<link linkend="_interface_guber_1_1_coordinates_api_1_1_services_1_1_i_fare_service">IFareService</link> fare)</computeroutput></para></section>
</section>
<section>
<title>Member Function Documentation</title>
<anchor xml:id="_class_guber_1_1_coordinates_api_1_1_controllers_1_1_fare_controller_1a2862d0235fd69f339a94374dc61fdcaa"/><section>
    <title>Calc()</title>
<indexterm><primary>Calc</primary><secondary>Guber.CoordinatesApi.Controllers.FareController</secondary></indexterm>
<indexterm><primary>Guber.CoordinatesApi.Controllers.FareController</primary><secondary>Calc</secondary></indexterm>
<para><computeroutput>ActionResult&lt; FareResponse &gt; Guber.CoordinatesApi.Controllers.FareController.Calc ([FromBody] FareRequest req)</computeroutput></para><para>

<para>Calculate fare from distance in km. </para>
</para>
<para>
Definition at line <link linkend="__fare_controller_8cs_source_1l00016">16</link> of file <link linkend="__fare_controller_8cs_source">FareController.cs</link>.</para>
</section>
<para>
The documentation for this class was generated from the following file:</para>
Guber.CoordinatesApi/Controllers/<link linkend="__fare_controller_8cs">FareController.cs</link></section>
</section>
