<?xml version='1.0' encoding='UTF-8' standalone='no'?>
<section xmlns="http://docbook.org/ns/docbook" version="5.0" xmlns:xlink="http://www.w3.org/1999/xlink" xml:id="_class_guber_1_1_coordinates_api_1_1_controllers_1_1_estimate_controller" xml:lang="en-US">
<title>Guber.CoordinatesApi.Controllers.EstimateController Class Reference</title>
<indexterm><primary>Guber.CoordinatesApi.Controllers.EstimateController</primary></indexterm>
<para>Inheritance diagram for Guber.CoordinatesApi.Controllers.EstimateController:    <informalfigure>
        <mediaobject>
            <imageobject>
                <imagedata width="50%" align="center" valign="middle" scalefit="0" fileref="class_guber_1_1_coordinates_api_1_1_controllers_1_1_estimate_controller.png"></imagedata>
            </imageobject>
        </mediaobject>
    </informalfigure>
</para>
<simplesect>
    <title>Public Member Functions    </title>
        <itemizedlist>
            <listitem><para><link linkend="_class_guber_1_1_coordinates_api_1_1_controllers_1_1_estimate_controller_1a0403c5e8b2c8e0858ca610fda3f73a3a">EstimateController</link> (<link linkend="_interface_guber_1_1_coordinates_api_1_1_services_1_1_i_estimate_service">IEstimateService</link> estimate, ILogger&lt; <link linkend="_class_guber_1_1_coordinates_api_1_1_controllers_1_1_estimate_controller">EstimateController</link> &gt; logger)</para>
</listitem>
            <listitem><para>async Task&lt; IActionResult &gt; <link linkend="_class_guber_1_1_coordinates_api_1_1_controllers_1_1_estimate_controller_1a06de8d8fff3a5abed02e1d088f8975f0">Estimate</link> ([FromBody] EstimateRequest req, CancellationToken ct)</para>

<para>Estimate route, distance, time, and fare between two addresses. </para>
</listitem>
        </itemizedlist>
</simplesect>
<section>
<title>Detailed Description</title>
<para>
Definition at line <link linkend="__estimate_controller_8cs_source_1l00009">9</link> of file <link linkend="__estimate_controller_8cs_source">EstimateController.cs</link>.</para>
</section>
<section>
<title>Constructor &amp; Destructor Documentation</title>
<anchor xml:id="_class_guber_1_1_coordinates_api_1_1_controllers_1_1_estimate_controller_1a0403c5e8b2c8e0858ca610fda3f73a3a"/><section>
    <title>EstimateController()</title>
<indexterm><primary>EstimateController</primary><secondary>Guber.CoordinatesApi.Controllers.EstimateController</secondary></indexterm>
<indexterm><primary>Guber.CoordinatesApi.Controllers.EstimateController</primary><secondary>EstimateController</secondary></indexterm>
<para><computeroutput>Guber.CoordinatesApi.Controllers.EstimateController.EstimateController (<link linkend="_interface_guber_1_1_coordinates_api_1_1_services_1_1_i_estimate_service">IEstimateService</link> estimate, ILogger&lt; <link linkend="_class_guber_1_1_coordinates_api_1_1_controllers_1_1_estimate_controller">EstimateController</link> &gt; logger)</computeroutput></para><para>
Definition at line <link linkend="__estimate_controller_8cs_source_1l00014">14</link> of file <link linkend="__estimate_controller_8cs_source">EstimateController.cs</link>.</para>
</section>
</section>
<section>
<title>Member Function Documentation</title>
<anchor xml:id="_class_guber_1_1_coordinates_api_1_1_controllers_1_1_estimate_controller_1a06de8d8fff3a5abed02e1d088f8975f0"/><section>
    <title>Estimate()</title>
<indexterm><primary>Estimate</primary><secondary>Guber.CoordinatesApi.Controllers.EstimateController</secondary></indexterm>
<indexterm><primary>Guber.CoordinatesApi.Controllers.EstimateController</primary><secondary>Estimate</secondary></indexterm>
<para><computeroutput>async Task&lt; IActionResult &gt; Guber.CoordinatesApi.Controllers.EstimateController.Estimate ([FromBody] EstimateRequest req, CancellationToken ct)</computeroutput></para><para>

<para>Estimate route, distance, time, and fare between two addresses. </para>
</para>
<para>
Definition at line <link linkend="__estimate_controller_8cs_source_1l00024">24</link> of file <link linkend="__estimate_controller_8cs_source">EstimateController.cs</link>.</para>
</section>
<para>
The documentation for this class was generated from the following file:</para>
Guber.CoordinatesApi/Controllers/<link linkend="__estimate_controller_8cs">EstimateController.cs</link></section>
</section>
