<?xml version='1.0' encoding='UTF-8' standalone='no'?>
<section xmlns="http://docbook.org/ns/docbook" version="5.0" xmlns:xlink="http://www.w3.org/1999/xlink" xml:id="_class_guber_1_1_coordinates_api_1_1_controllers_1_1_routing_controller" xml:lang="en-US">
<title>Guber.CoordinatesApi.Controllers.RoutingController Class Reference</title>
<indexterm><primary>Guber.CoordinatesApi.Controllers.RoutingController</primary></indexterm>
<para>Inheritance diagram for Guber.CoordinatesApi.Controllers.RoutingController:    <informalfigure>
        <mediaobject>
            <imageobject>
                <imagedata width="50%" align="center" valign="middle" scalefit="0" fileref="class_guber_1_1_coordinates_api_1_1_controllers_1_1_routing_controller.png"></imagedata>
            </imageobject>
        </mediaobject>
    </informalfigure>
</para>
<simplesect>
    <title>Public Member Functions    </title>
        <itemizedlist>
            <listitem><para><link linkend="_class_guber_1_1_coordinates_api_1_1_controllers_1_1_routing_controller_1ac612241ae3b72bc2bfdff16dfefb860a">RoutingController</link> (<link linkend="_interface_guber_1_1_coordinates_api_1_1_services_1_1_i_routing_service">IRoutingService</link> routing)</para>
</listitem>
            <listitem><para>async Task&lt; ActionResult&lt; RouteResponse &gt; &gt; <link linkend="_class_guber_1_1_coordinates_api_1_1_controllers_1_1_routing_controller_1a72f5acab14c3272f123983fff13c5dca">GetRoute</link> ([FromBody] RouteRequest req, CancellationToken ct)</para>

<para>Get route, distance and duration between two coordinates. </para>
</listitem>
        </itemizedlist>
</simplesect>
<section>
<title>Detailed Description</title>
<para>
Definition at line <link linkend="__routing_controller_8cs_source_1l00009">9</link> of file <link linkend="__routing_controller_8cs_source">RoutingController.cs</link>.</para>
</section>
<section>
<title>Constructor &amp; Destructor Documentation</title>
<anchor xml:id="_class_guber_1_1_coordinates_api_1_1_controllers_1_1_routing_controller_1ac612241ae3b72bc2bfdff16dfefb860a"/><section>
    <title>RoutingController()</title>
<indexterm><primary>RoutingController</primary><secondary>Guber.CoordinatesApi.Controllers.RoutingController</secondary></indexterm>
<indexterm><primary>Guber.CoordinatesApi.Controllers.RoutingController</primary><secondary>RoutingController</secondary></indexterm>
<para><computeroutput>Guber.CoordinatesApi.Controllers.RoutingController.RoutingController (<link linkend="_interface_guber_1_1_coordinates_api_1_1_services_1_1_i_routing_service">IRoutingService</link> routing)</computeroutput></para></section>
</section>
<section>
<title>Member Function Documentation</title>
<anchor xml:id="_class_guber_1_1_coordinates_api_1_1_controllers_1_1_routing_controller_1a72f5acab14c3272f123983fff13c5dca"/><section>
    <title>GetRoute()</title>
<indexterm><primary>GetRoute</primary><secondary>Guber.CoordinatesApi.Controllers.RoutingController</secondary></indexterm>
<indexterm><primary>Guber.CoordinatesApi.Controllers.RoutingController</primary><secondary>GetRoute</secondary></indexterm>
<para><computeroutput>async Task&lt; ActionResult&lt; RouteResponse &gt; &gt; Guber.CoordinatesApi.Controllers.RoutingController.GetRoute ([FromBody] RouteRequest req, CancellationToken ct)</computeroutput></para><para>

<para>Get route, distance and duration between two coordinates. </para>
</para>
<para>
Definition at line <link linkend="__routing_controller_8cs_source_1l00016">16</link> of file <link linkend="__routing_controller_8cs_source">RoutingController.cs</link>.</para>
</section>
<para>
The documentation for this class was generated from the following file:</para>
Guber.CoordinatesApi/Controllers/<link linkend="__routing_controller_8cs">RoutingController.cs</link></section>
</section>
