<?xml version='1.0' encoding='UTF-8' standalone='no'?>
<section xmlns="http://docbook.org/ns/docbook" version="5.0" xmlns:xlink="http://www.w3.org/1999/xlink" xml:id="_class_demo_client_1_1_fare_response" xml:lang="en-US">
<title>DemoClient.FareResponse Class Reference</title>
<indexterm><primary>DemoClient.FareResponse</primary></indexterm>
<simplesect>
    <title>Properties    </title>
        <itemizedlist>
            <listitem><para>double <link linkend="_class_demo_client_1_1_fare_response_1ad0c721240b53731cfc01fc5339013be3">TotalFare</link><computeroutput> [get, set]</computeroutput>
</para>
</listitem>
        </itemizedlist>
</simplesect>
<section>
<title>Detailed Description</title>
<para>
Definition at line <link linkend="__demo_client_8cs_source_1l00218">218</link> of file <link linkend="__demo_client_8cs_source">DemoClient.cs</link>.</para>
</section>
<section>
<title>Property Documentation</title>
<anchor xml:id="_class_demo_client_1_1_fare_response_1ad0c721240b53731cfc01fc5339013be3"/><section>
    <title>TotalFare</title>
<indexterm><primary>TotalFare</primary><secondary>DemoClient.FareResponse</secondary></indexterm>
<indexterm><primary>DemoClient.FareResponse</primary><secondary>TotalFare</secondary></indexterm>
<para><computeroutput>double DemoClient.FareResponse.TotalFare<computeroutput>[get]</computeroutput>, <computeroutput>[set]</computeroutput></computeroutput></para><para>
Definition at line <link linkend="__demo_client_8cs_source_1l00218">218</link> of file <link linkend="__demo_client_8cs_source">DemoClient.cs</link>.</para>
</section>
<para>
The documentation for this class was generated from the following file:</para>
GuberDemoClient/<link linkend="__demo_client_8cs">DemoClient.cs</link></section>
</section>
