<?xml version='1.0' encoding='UTF-8' standalone='no'?>
<section xmlns="http://docbook.org/ns/docbook" version="5.0" xmlns:xlink="http://www.w3.org/1999/xlink" xml:id="_class_demo_client_1_1_route_wire" xml:lang="en-US">
<title>DemoClient.RouteWire Class Reference</title>
<indexterm><primary>DemoClient.RouteWire</primary></indexterm>
<simplesect>
    <title>Properties    </title>
        <itemizedlist>
            <listitem><para>double <link linkend="_class_demo_client_1_1_route_wire_1a7e3927269099ccd9f3843ef5605301e9">DistanceKm</link><computeroutput> [get, set]</computeroutput>
</para>
</listitem>
            <listitem><para>double <link linkend="_class_demo_client_1_1_route_wire_1adcaaf0c80524fdcaa1064bda1eceb736">DurationMinutes</link><computeroutput> [get, set]</computeroutput>
</para>
</listitem>
            <listitem><para>string <link linkend="_class_demo_client_1_1_route_wire_1ad889932ff78a168396d1bbf67c722bc8">Polyline</link> = &quot;&quot;<computeroutput> [get, set]</computeroutput>
</para>
</listitem>
        </itemizedlist>
</simplesect>
<section>
<title>Detailed Description</title>
<para>
Definition at line <link linkend="__demo_client_8cs_source_1l00201">201</link> of file <link linkend="__demo_client_8cs_source">DemoClient.cs</link>.</para>
</section>
<section>
<title>Property Documentation</title>
<anchor xml:id="_class_demo_client_1_1_route_wire_1a7e3927269099ccd9f3843ef5605301e9"/><section>
    <title>DistanceKm</title>
<indexterm><primary>DistanceKm</primary><secondary>DemoClient.RouteWire</secondary></indexterm>
<indexterm><primary>DemoClient.RouteWire</primary><secondary>DistanceKm</secondary></indexterm>
<para><computeroutput>double DemoClient.RouteWire.DistanceKm<computeroutput>[get]</computeroutput>, <computeroutput>[set]</computeroutput></computeroutput></para><para>
Definition at line <link linkend="__demo_client_8cs_source_1l00203">203</link> of file <link linkend="__demo_client_8cs_source">DemoClient.cs</link>.</para>
</section>
<anchor xml:id="_class_demo_client_1_1_route_wire_1adcaaf0c80524fdcaa1064bda1eceb736"/><section>
    <title>DurationMinutes</title>
<indexterm><primary>DurationMinutes</primary><secondary>DemoClient.RouteWire</secondary></indexterm>
<indexterm><primary>DemoClient.RouteWire</primary><secondary>DurationMinutes</secondary></indexterm>
<para><computeroutput>double DemoClient.RouteWire.DurationMinutes<computeroutput>[get]</computeroutput>, <computeroutput>[set]</computeroutput></computeroutput></para><para>
Definition at line <link linkend="__demo_client_8cs_source_1l00204">204</link> of file <link linkend="__demo_client_8cs_source">DemoClient.cs</link>.</para>
</section>
<anchor xml:id="_class_demo_client_1_1_route_wire_1ad889932ff78a168396d1bbf67c722bc8"/><section>
    <title>Polyline</title>
<indexterm><primary>Polyline</primary><secondary>DemoClient.RouteWire</secondary></indexterm>
<indexterm><primary>DemoClient.RouteWire</primary><secondary>Polyline</secondary></indexterm>
<para><computeroutput>string DemoClient.RouteWire.Polyline = &quot;&quot;<computeroutput>[get]</computeroutput>, <computeroutput>[set]</computeroutput></computeroutput></para><para>
Definition at line <link linkend="__demo_client_8cs_source_1l00205">205</link> of file <link linkend="__demo_client_8cs_source">DemoClient.cs</link>.</para>
</section>
<para>
The documentation for this class was generated from the following file:</para>
GuberDemoClient/<link linkend="__demo_client_8cs">DemoClient.cs</link></section>
</section>
