<?xml version='1.0' encoding='UTF-8' standalone='no'?>
<section xmlns="http://docbook.org/ns/docbook" version="5.0" xmlns:xlink="http://www.w3.org/1999/xlink" xml:id="_dir_d5e602a805b619dde99c4d0b5b6d458a" xml:lang="en-US">
<title>Tests/CoordinatesApi.Tests/obj Directory Reference</title>
<indexterm><primary>Tests/CoordinatesApi.Tests/obj Directory Reference</primary></indexterm>
<simplesect>
    <title>Directories    </title>
        <itemizedlist>
            <listitem><para>directory <link linkend="_dir_36b93c9498be2b910d238546075579dc">Debug</link></para>
</listitem>
        </itemizedlist>
</simplesect>
</section>
