<?xml version='1.0' encoding='UTF-8' standalone='no'?>
<section xmlns="http://docbook.org/ns/docbook" version="5.0" xmlns:xlink="http://www.w3.org/1999/xlink" xml:id="_dir_33c78a012c8d08979f57a54a07694c46" xml:lang="en-US">
<title>Tests Directory Reference</title>
<indexterm><primary>Tests Directory Reference</primary></indexterm>
<simplesect>
    <title>Directories    </title>
        <itemizedlist>
            <listitem><para>directory <link linkend="_dir_37cb228771ba21cc8f1fff6552e43a26">CoordinatesApi.Tests</link></para>
</listitem>
        </itemizedlist>
</simplesect>
</section>
