<?xml version='1.0' encoding='UTF-8' standalone='no'?>
<section xmlns="http://docbook.org/ns/docbook" version="5.0" xmlns:xlink="http://www.w3.org/1999/xlink" xml:id="_dir_37cb228771ba21cc8f1fff6552e43a26" xml:lang="en-US">
<title>Tests/CoordinatesApi.Tests Directory Reference</title>
<indexterm><primary>Tests/CoordinatesApi.Tests Directory Reference</primary></indexterm>
<simplesect>
    <title>Directories    </title>
        <itemizedlist>
            <listitem><para>directory <link linkend="_dir_d5e602a805b619dde99c4d0b5b6d458a">obj</link></para>
</listitem>
        </itemizedlist>
</simplesect>
<simplesect>
    <title>Files    </title>
        <itemizedlist>
            <listitem><para>file <link linkend="__live_api_tests_8cs">LiveApiTests.cs</link></para>
</listitem>
            <listitem><para>file <link linkend="__test_settings_8cs">TestSettings.cs</link></para>
</listitem>
        </itemizedlist>
</simplesect>
</section>
