<?xml version='1.0' encoding='UTF-8' standalone='no'?>
<section xmlns="http://docbook.org/ns/docbook" version="5.0" xmlns:xlink="http://www.w3.org/1999/xlink" xml:id="_dir_c406a87f82fbb9112046d15a7d9f155a" xml:lang="en-US">
<title>GuberDemoClient Directory Reference</title>
<indexterm><primary>GuberDemoClient Directory Reference</primary></indexterm>
<simplesect>
    <title>Directories    </title>
        <itemizedlist>
            <listitem><para>directory <link linkend="_dir_a394280109b02dd48b90d95b7e065874">obj</link></para>
</listitem>
        </itemizedlist>
</simplesect>
<simplesect>
    <title>Files    </title>
        <itemizedlist>
            <listitem><para>file <link linkend="__demo_client_8cs">DemoClient.cs</link></para>
</listitem>
        </itemizedlist>
</simplesect>
</section>
