<?xml version='1.0' encoding='UTF-8' standalone='no'?>
<section xmlns="http://docbook.org/ns/docbook" version="5.0" xmlns:xlink="http://www.w3.org/1999/xlink" xml:id="_dir_e12f3aff6d290ecdd08ff6fa1670a268" xml:lang="en-US">
<title>GuberDemoClient/obj/Debug/net8.0 Directory Reference</title>
<indexterm><primary>GuberDemoClient/obj/Debug/net8.0 Directory Reference</primary></indexterm>
<simplesect>
    <title>Files    </title>
        <itemizedlist>
            <listitem><para>file <link linkend="__guber_demo_client_2obj_2_debug_2net8_80_2_8_n_e_t_core_app_00_version_0av8_80_8_assembly_attributes_8cs">.NETCoreApp,Version=v8.0.AssemblyAttributes.cs</link></para>
</listitem>
            <listitem><para>file <link linkend="__guber_demo_client_8_assembly_info_8cs">GuberDemoClient.AssemblyInfo.cs</link></para>
</listitem>
            <listitem><para>file <link linkend="__guber_demo_client_8_global_usings_8g_8cs">GuberDemoClient.GlobalUsings.g.cs</link></para>
</listitem>
        </itemizedlist>
</simplesect>
</section>
