<?xml version='1.0' encoding='UTF-8' standalone='no'?>
<section xmlns="http://docbook.org/ns/docbook" version="5.0" xmlns:xlink="http://www.w3.org/1999/xlink" xml:id="_dir_4f1ad45eb89e332a7aceffc95c29c8d8" xml:lang="en-US">
<title>Guber.CoordinatesApi Directory Reference</title>
<indexterm><primary>Guber.CoordinatesApi Directory Reference</primary></indexterm>
<simplesect>
    <title>Directories    </title>
        <itemizedlist>
            <listitem><para>directory <link linkend="_dir_51b220d3e28dd02ade0b028d661a67d0">Controllers</link></para>
</listitem>
            <listitem><para>directory <link linkend="_dir_26154435fbef1899b841c599dc464ff5">Models</link></para>
</listitem>
            <listitem><para>directory <link linkend="_dir_b7b9d411c14d6cfb81e1ac64ceb31b8b">obj</link></para>
</listitem>
            <listitem><para>directory <link linkend="_dir_0023807fcc8129d9689ce0ce7dba80d1">Services</link></para>
</listitem>
        </itemizedlist>
</simplesect>
<simplesect>
    <title>Files    </title>
        <itemizedlist>
            <listitem><para>file <link linkend="__program_8cs">Program.cs</link></para>
</listitem>
            <listitem><para>file <link linkend="__weather_forecast_8cs">WeatherForecast.cs</link></para>
</listitem>
        </itemizedlist>
</simplesect>
</section>
