<?xml version='1.0' encoding='UTF-8' standalone='no'?>
<section xmlns="http://docbook.org/ns/docbook" version="5.0" xmlns:xlink="http://www.w3.org/1999/xlink" xml:id="_dir_51b220d3e28dd02ade0b028d661a67d0" xml:lang="en-US">
<title>Guber.CoordinatesApi/Controllers Directory Reference</title>
<indexterm><primary>Guber.CoordinatesApi/Controllers Directory Reference</primary></indexterm>
<simplesect>
    <title>Files    </title>
        <itemizedlist>
            <listitem><para>file <link linkend="__estimate_controller_8cs">EstimateController.cs</link></para>
</listitem>
            <listitem><para>file <link linkend="__fare_controller_8cs">FareController.cs</link></para>
</listitem>
            <listitem><para>file <link linkend="__geocoding_controller_8cs">GeocodingController.cs</link></para>
</listitem>
            <listitem><para>file <link linkend="__health_controller_8cs">HealthController.cs</link></para>
</listitem>
            <listitem><para>file <link linkend="__live_location_controller_8cs">LiveLocationController.cs</link></para>
</listitem>
            <listitem><para>file <link linkend="__routing_controller_8cs">RoutingController.cs</link></para>
</listitem>
            <listitem><para>file <link linkend="__weather_forecast_controller_8cs">WeatherForecastController.cs</link></para>
</listitem>
        </itemizedlist>
</simplesect>
</section>
