<?xml version='1.0' encoding='UTF-8' standalone='no'?>
<section xmlns="http://docbook.org/ns/docbook" version="5.0" xmlns:xlink="http://www.w3.org/1999/xlink" xml:id="_dir_49e56c817e5e54854c35e136979f97ca" xml:lang="en-US">
<title>docs Directory Reference</title>
<indexterm><primary>docs Directory Reference</primary></indexterm>
<simplesect>
    <title>Directories    </title>
        <itemizedlist>
            <listitem><para>directory <link linkend="_dir_6910336a6c2cc52f4536ab23dc980c09">img</link></para>
</listitem>
        </itemizedlist>
</simplesect>
</section>
