<?xml version='1.0' encoding='UTF-8' standalone='no'?>
<section xmlns="http://docbook.org/ns/docbook" version="5.0" xmlns:xlink="http://www.w3.org/1999/xlink" xml:id="_dir_41a0c7b5e2fd13fc759bfd7807a0a288" xml:lang="en-US">
<title>Tests/CoordinatesApi.Tests/obj/Debug/net8.0 Directory Reference</title>
<indexterm><primary>Tests/CoordinatesApi.Tests/obj/Debug/net8.0 Directory Reference</primary></indexterm>
<simplesect>
    <title>Files    </title>
        <itemizedlist>
            <listitem><para>file <link linkend="__tests_2_coordinates_api_8_tests_2obj_2_debug_2net8_80_2_8_n_e_t_core_app_00_version_0av8_80_8_assembly_attributes_8cs">.NETCoreApp,Version=v8.0.AssemblyAttributes.cs</link></para>
</listitem>
            <listitem><para>file <link linkend="__coordinates_api_8_tests_8_assembly_info_8cs">CoordinatesApi.Tests.AssemblyInfo.cs</link></para>
</listitem>
            <listitem><para>file <link linkend="__coordinates_api_8_tests_8_global_usings_8g_8cs">CoordinatesApi.Tests.GlobalUsings.g.cs</link></para>
</listitem>
        </itemizedlist>
</simplesect>
</section>
