<?xml version='1.0' encoding='UTF-8' standalone='no'?>
<section xmlns="http://docbook.org/ns/docbook" version="5.0" xmlns:xlink="http://www.w3.org/1999/xlink" xml:id="_dir_31b7964f7a21e53650ddd5bd38260207" xml:lang="en-US">
<title>Guber.CoordinatesApi/obj/Debug Directory Reference</title>
<indexterm><primary>Guber.CoordinatesApi/obj/Debug Directory Reference</primary></indexterm>
<simplesect>
    <title>Directories    </title>
        <itemizedlist>
            <listitem><para>directory <link linkend="_dir_94872eb68fb905d84b936859eef174e1">net8.0</link></para>
</listitem>
        </itemizedlist>
</simplesect>
</section>
