<?xml version='1.0' encoding='UTF-8' standalone='no'?>
<section xmlns="http://docbook.org/ns/docbook" version="5.0" xmlns:xlink="http://www.w3.org/1999/xlink" xml:id="_dir_0023807fcc8129d9689ce0ce7dba80d1" xml:lang="en-US">
<title>Guber.CoordinatesApi/Services Directory Reference</title>
<indexterm><primary>Guber.CoordinatesApi/Services Directory Reference</primary></indexterm>
<simplesect>
    <title>Files    </title>
        <itemizedlist>
            <listitem><para>file <link linkend="__estimate_service_8cs">EstimateService.cs</link></para>
</listitem>
            <listitem><para>file <link linkend="__fare_service_8cs">FareService.cs</link></para>
</listitem>
            <listitem><para>file <link linkend="__geocoding_service_8cs">GeocodingService.cs</link></para>
</listitem>
            <listitem><para>file <link linkend="__location_store_8cs">LocationStore.cs</link></para>
</listitem>
            <listitem><para>file <link linkend="__routing_service_8cs">RoutingService.cs</link></para>
</listitem>
            <listitem><para>file <link linkend="__service_abstractions_8cs">ServiceAbstractions.cs</link></para>
</listitem>
        </itemizedlist>
</simplesect>
</section>
