<?xml version='1.0' encoding='UTF-8' standalone='no'?>
<section xmlns="http://docbook.org/ns/docbook" version="5.0" xmlns:xlink="http://www.w3.org/1999/xlink" xml:id="_dir_6b3d4b86004b3ee4b762baa74c4e7289" xml:lang="en-US">
<title>GuberDemoClient/obj/Debug Directory Reference</title>
<indexterm><primary>GuberDemoClient/obj/Debug Directory Reference</primary></indexterm>
<simplesect>
    <title>Directories    </title>
        <itemizedlist>
            <listitem><para>directory <link linkend="_dir_e12f3aff6d290ecdd08ff6fa1670a268">net8.0</link></para>
</listitem>
        </itemizedlist>
</simplesect>
</section>
