<?xml version='1.0' encoding='UTF-8' standalone='no'?>
<section xmlns="http://docbook.org/ns/docbook" version="5.0" xmlns:xlink="http://www.w3.org/1999/xlink" xml:id="_dir_26154435fbef1899b841c599dc464ff5" xml:lang="en-US">
<title>Guber.CoordinatesApi/Models Directory Reference</title>
<indexterm><primary>Guber.CoordinatesApi/Models Directory Reference</primary></indexterm>
<simplesect>
    <title>Files    </title>
        <itemizedlist>
            <listitem><para>file <link linkend="__common_dtos_8cs">CommonDtos.cs</link></para>
</listitem>
        </itemizedlist>
</simplesect>
</section>
