<?xml version='1.0' encoding='UTF-8' standalone='no'?>
<book xmlns="http://docbook.org/ns/docbook" version="5.0" xmlns:xlink="http://www.w3.org/1999/xlink" xml:id="_index" xml:lang="en-US">
    <info>
    <title>Guber</title>
    </info>
    <xi:include href="md__c_h_a_n_g_e_l_o_g.xml" xmlns:xi="http://www.w3.org/2001/XInclude"/>
    <xi:include href="md__r_e_a_d_m_e.xml" xmlns:xi="http://www.w3.org/2001/XInclude"/>
    <xi:include href="md__regression_testing.xml" xmlns:xi="http://www.w3.org/2001/XInclude"/>
<chapter>
    <title>Namespace Documentation</title>
<xi:include href="namespace_coordinates_api.xml" xmlns:xi="http://www.w3.org/2001/XInclude"/>
<xi:include href="namespace_coordinates_api_1_1_tests.xml" xmlns:xi="http://www.w3.org/2001/XInclude"/>
<xi:include href="namespace_guber.xml" xmlns:xi="http://www.w3.org/2001/XInclude"/>
<xi:include href="namespace_guber_1_1_coordinates_api.xml" xmlns:xi="http://www.w3.org/2001/XInclude"/>
<xi:include href="namespace_guber_1_1_coordinates_api_1_1_controllers.xml" xmlns:xi="http://www.w3.org/2001/XInclude"/>
<xi:include href="namespace_guber_1_1_coordinates_api_1_1_models.xml" xmlns:xi="http://www.w3.org/2001/XInclude"/>
<xi:include href="namespace_guber_1_1_coordinates_api_1_1_services.xml" xmlns:xi="http://www.w3.org/2001/XInclude"/>
</chapter>
<chapter>
    <title>Class Documentation</title>
    <xi:include href="class_demo_client.xml" xmlns:xi="http://www.w3.org/2001/XInclude"/>
    <xi:include href="class_guber_1_1_coordinates_api_1_1_controllers_1_1_estimate_controller.xml" xmlns:xi="http://www.w3.org/2001/XInclude"/>
    <xi:include href="class_demo_client_1_1_estimate_response.xml" xmlns:xi="http://www.w3.org/2001/XInclude"/>
    <xi:include href="class_guber_1_1_coordinates_api_1_1_services_1_1_estimate_service.xml" xmlns:xi="http://www.w3.org/2001/XInclude"/>
    <xi:include href="class_guber_1_1_coordinates_api_1_1_controllers_1_1_fare_controller.xml" xmlns:xi="http://www.w3.org/2001/XInclude"/>
    <xi:include href="class_demo_client_1_1_fare_response.xml" xmlns:xi="http://www.w3.org/2001/XInclude"/>
    <xi:include href="class_guber_1_1_coordinates_api_1_1_services_1_1_fare_service.xml" xmlns:xi="http://www.w3.org/2001/XInclude"/>
    <xi:include href="class_guber_1_1_coordinates_api_1_1_controllers_1_1_geocoding_controller.xml" xmlns:xi="http://www.w3.org/2001/XInclude"/>
    <xi:include href="class_demo_client_1_1_geo_response.xml" xmlns:xi="http://www.w3.org/2001/XInclude"/>
    <xi:include href="class_guber_1_1_coordinates_api_1_1_controllers_1_1_health_controller.xml" xmlns:xi="http://www.w3.org/2001/XInclude"/>
    <xi:include href="interface_guber_1_1_coordinates_api_1_1_services_1_1_i_estimate_service.xml" xmlns:xi="http://www.w3.org/2001/XInclude"/>
    <xi:include href="interface_guber_1_1_coordinates_api_1_1_services_1_1_i_fare_service.xml" xmlns:xi="http://www.w3.org/2001/XInclude"/>
    <xi:include href="interface_guber_1_1_coordinates_api_1_1_services_1_1_i_geocoding_service.xml" xmlns:xi="http://www.w3.org/2001/XInclude"/>
    <xi:include href="interface_guber_1_1_coordinates_api_1_1_services_1_1_i_location_store.xml" xmlns:xi="http://www.w3.org/2001/XInclude"/>
    <xi:include href="class_guber_1_1_coordinates_api_1_1_services_1_1_in_memory_location_store.xml" xmlns:xi="http://www.w3.org/2001/XInclude"/>
    <xi:include href="interface_guber_1_1_coordinates_api_1_1_services_1_1_i_routing_service.xml" xmlns:xi="http://www.w3.org/2001/XInclude"/>
    <xi:include href="class_coordinates_api_1_1_tests_1_1_live_api_tests.xml" xmlns:xi="http://www.w3.org/2001/XInclude"/>
    <xi:include href="class_guber_1_1_coordinates_api_1_1_controllers_1_1_live_location_controller.xml" xmlns:xi="http://www.w3.org/2001/XInclude"/>
    <xi:include href="class_guber_1_1_coordinates_api_1_1_services_1_1_nominatim_geocoding_service.xml" xmlns:xi="http://www.w3.org/2001/XInclude"/>
    <xi:include href="class_guber_1_1_coordinates_api_1_1_services_1_1_osrm_routing_service.xml" xmlns:xi="http://www.w3.org/2001/XInclude"/>
    <xi:include href="class_demo_client_1_1_route_point.xml" xmlns:xi="http://www.w3.org/2001/XInclude"/>
    <xi:include href="class_demo_client_1_1_route_wire.xml" xmlns:xi="http://www.w3.org/2001/XInclude"/>
    <xi:include href="class_guber_1_1_coordinates_api_1_1_controllers_1_1_routing_controller.xml" xmlns:xi="http://www.w3.org/2001/XInclude"/>
    <xi:include href="class_guber_1_1_coordinates_api_1_1_weather_forecast.xml" xmlns:xi="http://www.w3.org/2001/XInclude"/>
    <xi:include href="class_guber_1_1_coordinates_api_1_1_controllers_1_1_weather_forecast_controller.xml" xmlns:xi="http://www.w3.org/2001/XInclude"/>
</chapter>
<chapter>
    <title>File Documentation</title>
    <xi:include href="_c_h_a_n_g_e_l_o_g_8md.xml" xmlns:xi="http://www.w3.org/2001/XInclude"/>
    <xi:include href="_estimate_controller_8cs.xml" xmlns:xi="http://www.w3.org/2001/XInclude"/>
    <xi:include href="_estimate_controller_8cs_source.xml" xmlns:xi="http://www.w3.org/2001/XInclude"/>
    <xi:include href="_fare_controller_8cs.xml" xmlns:xi="http://www.w3.org/2001/XInclude"/>
    <xi:include href="_fare_controller_8cs_source.xml" xmlns:xi="http://www.w3.org/2001/XInclude"/>
    <xi:include href="_geocoding_controller_8cs.xml" xmlns:xi="http://www.w3.org/2001/XInclude"/>
    <xi:include href="_geocoding_controller_8cs_source.xml" xmlns:xi="http://www.w3.org/2001/XInclude"/>
    <xi:include href="_health_controller_8cs.xml" xmlns:xi="http://www.w3.org/2001/XInclude"/>
    <xi:include href="_health_controller_8cs_source.xml" xmlns:xi="http://www.w3.org/2001/XInclude"/>
    <xi:include href="_live_location_controller_8cs.xml" xmlns:xi="http://www.w3.org/2001/XInclude"/>
    <xi:include href="_live_location_controller_8cs_source.xml" xmlns:xi="http://www.w3.org/2001/XInclude"/>
    <xi:include href="_routing_controller_8cs.xml" xmlns:xi="http://www.w3.org/2001/XInclude"/>
    <xi:include href="_routing_controller_8cs_source.xml" xmlns:xi="http://www.w3.org/2001/XInclude"/>
    <xi:include href="_weather_forecast_controller_8cs.xml" xmlns:xi="http://www.w3.org/2001/XInclude"/>
    <xi:include href="_weather_forecast_controller_8cs_source.xml" xmlns:xi="http://www.w3.org/2001/XInclude"/>
    <xi:include href="_common_dtos_8cs.xml" xmlns:xi="http://www.w3.org/2001/XInclude"/>
    <xi:include href="_common_dtos_8cs_source.xml" xmlns:xi="http://www.w3.org/2001/XInclude"/>
    <xi:include href="_guber_8_coordinates_api_2obj_2_debug_2net8_80_2_8_n_e_t_core_app_00_version_0av8_80_8_assembly_attributes_8cs.xml" xmlns:xi="http://www.w3.org/2001/XInclude"/>
    <xi:include href="_guber_8_coordinates_api_2obj_2_debug_2net8_80_2_8_n_e_t_core_app_00_version_0av8_80_8_assembly_attributes_8cs_source.xml" xmlns:xi="http://www.w3.org/2001/XInclude"/>
    <xi:include href="_guber_demo_client_2obj_2_debug_2net8_80_2_8_n_e_t_core_app_00_version_0av8_80_8_assembly_attributes_8cs.xml" xmlns:xi="http://www.w3.org/2001/XInclude"/>
    <xi:include href="_guber_demo_client_2obj_2_debug_2net8_80_2_8_n_e_t_core_app_00_version_0av8_80_8_assembly_attributes_8cs_source.xml" xmlns:xi="http://www.w3.org/2001/XInclude"/>
    <xi:include href="_tests_2_coordinates_api_8_tests_2obj_2_debug_2net8_80_2_8_n_e_t_core_app_00_version_0av8_80_8_assembly_attributes_8cs.xml" xmlns:xi="http://www.w3.org/2001/XInclude"/>
    <xi:include href="_tests_2_coordinates_api_8_tests_2obj_2_debug_2net8_80_2_8_n_e_t_core_app_00_version_0av8_80_8_assembly_attributes_8cs_source.xml" xmlns:xi="http://www.w3.org/2001/XInclude"/>
    <xi:include href="_guber_8_coordinates_api_8_assembly_info_8cs.xml" xmlns:xi="http://www.w3.org/2001/XInclude"/>
    <xi:include href="_guber_8_coordinates_api_8_assembly_info_8cs_source.xml" xmlns:xi="http://www.w3.org/2001/XInclude"/>
    <xi:include href="_guber_8_coordinates_api_8_global_usings_8g_8cs.xml" xmlns:xi="http://www.w3.org/2001/XInclude"/>
    <xi:include href="_guber_8_coordinates_api_8_global_usings_8g_8cs_source.xml" xmlns:xi="http://www.w3.org/2001/XInclude"/>
    <xi:include href="_program_8cs.xml" xmlns:xi="http://www.w3.org/2001/XInclude"/>
    <xi:include href="_program_8cs_source.xml" xmlns:xi="http://www.w3.org/2001/XInclude"/>
    <xi:include href="_estimate_service_8cs.xml" xmlns:xi="http://www.w3.org/2001/XInclude"/>
    <xi:include href="_estimate_service_8cs_source.xml" xmlns:xi="http://www.w3.org/2001/XInclude"/>
    <xi:include href="_fare_service_8cs.xml" xmlns:xi="http://www.w3.org/2001/XInclude"/>
    <xi:include href="_fare_service_8cs_source.xml" xmlns:xi="http://www.w3.org/2001/XInclude"/>
    <xi:include href="_geocoding_service_8cs.xml" xmlns:xi="http://www.w3.org/2001/XInclude"/>
    <xi:include href="_geocoding_service_8cs_source.xml" xmlns:xi="http://www.w3.org/2001/XInclude"/>
    <xi:include href="_location_store_8cs.xml" xmlns:xi="http://www.w3.org/2001/XInclude"/>
    <xi:include href="_location_store_8cs_source.xml" xmlns:xi="http://www.w3.org/2001/XInclude"/>
    <xi:include href="_routing_service_8cs.xml" xmlns:xi="http://www.w3.org/2001/XInclude"/>
    <xi:include href="_routing_service_8cs_source.xml" xmlns:xi="http://www.w3.org/2001/XInclude"/>
    <xi:include href="_service_abstractions_8cs.xml" xmlns:xi="http://www.w3.org/2001/XInclude"/>
    <xi:include href="_service_abstractions_8cs_source.xml" xmlns:xi="http://www.w3.org/2001/XInclude"/>
    <xi:include href="_weather_forecast_8cs.xml" xmlns:xi="http://www.w3.org/2001/XInclude"/>
    <xi:include href="_weather_forecast_8cs_source.xml" xmlns:xi="http://www.w3.org/2001/XInclude"/>
    <xi:include href="_demo_client_8cs.xml" xmlns:xi="http://www.w3.org/2001/XInclude"/>
    <xi:include href="_demo_client_8cs_source.xml" xmlns:xi="http://www.w3.org/2001/XInclude"/>
    <xi:include href="_guber_demo_client_8_assembly_info_8cs.xml" xmlns:xi="http://www.w3.org/2001/XInclude"/>
    <xi:include href="_guber_demo_client_8_assembly_info_8cs_source.xml" xmlns:xi="http://www.w3.org/2001/XInclude"/>
    <xi:include href="_guber_demo_client_8_global_usings_8g_8cs.xml" xmlns:xi="http://www.w3.org/2001/XInclude"/>
    <xi:include href="_guber_demo_client_8_global_usings_8g_8cs_source.xml" xmlns:xi="http://www.w3.org/2001/XInclude"/>
    <xi:include href="_r_e_a_d_m_e_8md.xml" xmlns:xi="http://www.w3.org/2001/XInclude"/>
    <xi:include href="_regression_testing_8md.xml" xmlns:xi="http://www.w3.org/2001/XInclude"/>
    <xi:include href="_live_api_tests_8cs.xml" xmlns:xi="http://www.w3.org/2001/XInclude"/>
    <xi:include href="_live_api_tests_8cs_source.xml" xmlns:xi="http://www.w3.org/2001/XInclude"/>
    <xi:include href="_coordinates_api_8_tests_8_assembly_info_8cs.xml" xmlns:xi="http://www.w3.org/2001/XInclude"/>
    <xi:include href="_coordinates_api_8_tests_8_assembly_info_8cs_source.xml" xmlns:xi="http://www.w3.org/2001/XInclude"/>
    <xi:include href="_coordinates_api_8_tests_8_global_usings_8g_8cs.xml" xmlns:xi="http://www.w3.org/2001/XInclude"/>
    <xi:include href="_coordinates_api_8_tests_8_global_usings_8g_8cs_source.xml" xmlns:xi="http://www.w3.org/2001/XInclude"/>
    <xi:include href="_test_settings_8cs.xml" xmlns:xi="http://www.w3.org/2001/XInclude"/>
    <xi:include href="_test_settings_8cs_source.xml" xmlns:xi="http://www.w3.org/2001/XInclude"/>
</chapter>
<index/>
</book>
