<?xml version='1.0' encoding='UTF-8' standalone='no'?>
<section xmlns="http://docbook.org/ns/docbook" version="5.0" xmlns:xlink="http://www.w3.org/1999/xlink" xml:id="_interface_guber_1_1_coordinates_api_1_1_services_1_1_i_fare_service" xml:lang="en-US">
<title>Guber.CoordinatesApi.Services.IFareService Interface Reference</title>
<indexterm><primary>Guber.CoordinatesApi.Services.IFareService</primary></indexterm>
<para>Inheritance diagram for Guber.CoordinatesApi.Services.IFareService:    <informalfigure>
        <mediaobject>
            <imageobject>
                <imagedata width="50%" align="center" valign="middle" scalefit="0" fileref="interface_guber_1_1_coordinates_api_1_1_services_1_1_i_fare_service.png"></imagedata>
            </imageobject>
        </mediaobject>
    </informalfigure>
</para>
<simplesect>
    <title>Public Member Functions    </title>
        <itemizedlist>
            <listitem><para>FareResponse <link linkend="_interface_guber_1_1_coordinates_api_1_1_services_1_1_i_fare_service_1a38b8989986f5b14de03d8c547e1c0cca">Calculate</link> (double distanceKm)</para>
</listitem>
        </itemizedlist>
</simplesect>
<section>
<title>Detailed Description</title>
<para>
Definition at line <link linkend="__service_abstractions_8cs_source_1l00015">15</link> of file <link linkend="__service_abstractions_8cs_source">ServiceAbstractions.cs</link>.</para>
</section>
<section>
<title>Member Function Documentation</title>
<anchor xml:id="_interface_guber_1_1_coordinates_api_1_1_services_1_1_i_fare_service_1a38b8989986f5b14de03d8c547e1c0cca"/><section>
    <title>Calculate()</title>
<indexterm><primary>Calculate</primary><secondary>Guber.CoordinatesApi.Services.IFareService</secondary></indexterm>
<indexterm><primary>Guber.CoordinatesApi.Services.IFareService</primary><secondary>Calculate</secondary></indexterm>
<para><computeroutput>FareResponse Guber.CoordinatesApi.Services.IFareService.Calculate (double distanceKm)</computeroutput></para><para>
Implemented in <link linkend="_class_guber_1_1_coordinates_api_1_1_services_1_1_fare_service_1aaa79f492f623c9ecdadb0ae2e5bda4c5">Guber.CoordinatesApi.Services.FareService</link>.</para>
</section>
<para>
The documentation for this interface was generated from the following file:</para>
Guber.CoordinatesApi/Services/<link linkend="__service_abstractions_8cs">ServiceAbstractions.cs</link></section>
</section>
