<?xml version='1.0' encoding='UTF-8' standalone='no'?>
<section xmlns="http://docbook.org/ns/docbook" version="5.0" xmlns:xlink="http://www.w3.org/1999/xlink" xml:id="_interface_guber_1_1_coordinates_api_1_1_services_1_1_i_routing_service" xml:lang="en-US">
<title>Guber.CoordinatesApi.Services.IRoutingService Interface Reference</title>
<indexterm><primary>Guber.CoordinatesApi.Services.IRoutingService</primary></indexterm>
<para>Inheritance diagram for Guber.CoordinatesApi.Services.IRoutingService:    <informalfigure>
        <mediaobject>
            <imageobject>
                <imagedata width="50%" align="center" valign="middle" scalefit="0" fileref="interface_guber_1_1_coordinates_api_1_1_services_1_1_i_routing_service.png"></imagedata>
            </imageobject>
        </mediaobject>
    </informalfigure>
</para>
<simplesect>
    <title>Public Member Functions    </title>
        <itemizedlist>
            <listitem><para>Task&lt; RouteResponse &gt; <link linkend="_interface_guber_1_1_coordinates_api_1_1_services_1_1_i_routing_service_1a6fca3f99541a4b19fe76079a2d8af306">GetRouteAsync</link> (RouteRequest req, CancellationToken ct=default)</para>
</listitem>
        </itemizedlist>
</simplesect>
<section>
<title>Detailed Description</title>
<para>
Definition at line <link linkend="__service_abstractions_8cs_source_1l00010">10</link> of file <link linkend="__service_abstractions_8cs_source">ServiceAbstractions.cs</link>.</para>
</section>
<section>
<title>Member Function Documentation</title>
<anchor xml:id="_interface_guber_1_1_coordinates_api_1_1_services_1_1_i_routing_service_1a6fca3f99541a4b19fe76079a2d8af306"/><section>
    <title>GetRouteAsync()</title>
<indexterm><primary>GetRouteAsync</primary><secondary>Guber.CoordinatesApi.Services.IRoutingService</secondary></indexterm>
<indexterm><primary>Guber.CoordinatesApi.Services.IRoutingService</primary><secondary>GetRouteAsync</secondary></indexterm>
<para><computeroutput>Task&lt; RouteResponse &gt; Guber.CoordinatesApi.Services.IRoutingService.GetRouteAsync (RouteRequest req, CancellationToken ct = <computeroutput>default</computeroutput>
)</computeroutput></para><para>
Implemented in <link linkend="_class_guber_1_1_coordinates_api_1_1_services_1_1_osrm_routing_service_1a37f19149bc3a9a0c793d7962810285d9">Guber.CoordinatesApi.Services.OsrmRoutingService</link>.</para>
</section>
<para>
The documentation for this interface was generated from the following file:</para>
Guber.CoordinatesApi/Services/<link linkend="__service_abstractions_8cs">ServiceAbstractions.cs</link></section>
</section>
