<?xml version='1.0' encoding='UTF-8' standalone='no'?>
<section xmlns="http://docbook.org/ns/docbook" version="5.0" xmlns:xlink="http://www.w3.org/1999/xlink" xml:id="_interface_guber_1_1_coordinates_api_1_1_services_1_1_i_estimate_service" xml:lang="en-US">
<title>Guber.CoordinatesApi.Services.IEstimateService Interface Reference</title>
<indexterm><primary>Guber.CoordinatesApi.Services.IEstimateService</primary></indexterm>
<para>Inheritance diagram for Guber.CoordinatesApi.Services.IEstimateService:    <informalfigure>
        <mediaobject>
            <imageobject>
                <imagedata width="50%" align="center" valign="middle" scalefit="0" fileref="interface_guber_1_1_coordinates_api_1_1_services_1_1_i_estimate_service.png"></imagedata>
            </imageobject>
        </mediaobject>
    </informalfigure>
</para>
<simplesect>
    <title>Public Member Functions    </title>
        <itemizedlist>
            <listitem><para>Task&lt; EstimateResponse &gt; <link linkend="_interface_guber_1_1_coordinates_api_1_1_services_1_1_i_estimate_service_1a31960aac440da95e8ba494025e1ebf5e">GetEstimateAsync</link> (EstimateRequest req, CancellationToken ct=default)</para>
</listitem>
        </itemizedlist>
</simplesect>
<section>
<title>Detailed Description</title>
<para>
Definition at line <link linkend="__estimate_service_8cs_source_1l00005">5</link> of file <link linkend="__estimate_service_8cs_source">EstimateService.cs</link>.</para>
</section>
<section>
<title>Member Function Documentation</title>
<anchor xml:id="_interface_guber_1_1_coordinates_api_1_1_services_1_1_i_estimate_service_1a31960aac440da95e8ba494025e1ebf5e"/><section>
    <title>GetEstimateAsync()</title>
<indexterm><primary>GetEstimateAsync</primary><secondary>Guber.CoordinatesApi.Services.IEstimateService</secondary></indexterm>
<indexterm><primary>Guber.CoordinatesApi.Services.IEstimateService</primary><secondary>GetEstimateAsync</secondary></indexterm>
<para><computeroutput>Task&lt; EstimateResponse &gt; Guber.CoordinatesApi.Services.IEstimateService.GetEstimateAsync (EstimateRequest req, CancellationToken ct = <computeroutput>default</computeroutput>
)</computeroutput></para><para>
Implemented in <link linkend="_class_guber_1_1_coordinates_api_1_1_services_1_1_estimate_service_1a16b9352ebc5a212f9c8d8766baa1cfc8">Guber.CoordinatesApi.Services.EstimateService</link>.</para>
</section>
<para>
The documentation for this interface was generated from the following file:</para>
Guber.CoordinatesApi/Services/<link linkend="__estimate_service_8cs">EstimateService.cs</link></section>
</section>
