<?xml version='1.0' encoding='UTF-8' standalone='no'?>
<section xmlns="http://docbook.org/ns/docbook" version="5.0" xmlns:xlink="http://www.w3.org/1999/xlink" xml:id="_interface_guber_1_1_coordinates_api_1_1_services_1_1_i_geocoding_service" xml:lang="en-US">
<title>Guber.CoordinatesApi.Services.IGeocodingService Interface Reference</title>
<indexterm><primary>Guber.CoordinatesApi.Services.IGeocodingService</primary></indexterm>
<para>Inheritance diagram for Guber.CoordinatesApi.Services.IGeocodingService:    <informalfigure>
        <mediaobject>
            <imageobject>
                <imagedata width="50%" align="center" valign="middle" scalefit="0" fileref="interface_guber_1_1_coordinates_api_1_1_services_1_1_i_geocoding_service.png"></imagedata>
            </imageobject>
        </mediaobject>
    </informalfigure>
</para>
<simplesect>
    <title>Public Member Functions    </title>
        <itemizedlist>
            <listitem><para>Task&lt; GeocodeResult?&gt; <link linkend="_interface_guber_1_1_coordinates_api_1_1_services_1_1_i_geocoding_service_1a616d85fe6f879a8681a916d18f6bfbc9">GeocodeAsync</link> (string query, CancellationToken ct=default)</para>
</listitem>
        </itemizedlist>
</simplesect>
<section>
<title>Detailed Description</title>
<para>
Definition at line <link linkend="__service_abstractions_8cs_source_1l00005">5</link> of file <link linkend="__service_abstractions_8cs_source">ServiceAbstractions.cs</link>.</para>
</section>
<section>
<title>Member Function Documentation</title>
<anchor xml:id="_interface_guber_1_1_coordinates_api_1_1_services_1_1_i_geocoding_service_1a616d85fe6f879a8681a916d18f6bfbc9"/><section>
    <title>GeocodeAsync()</title>
<indexterm><primary>GeocodeAsync</primary><secondary>Guber.CoordinatesApi.Services.IGeocodingService</secondary></indexterm>
<indexterm><primary>Guber.CoordinatesApi.Services.IGeocodingService</primary><secondary>GeocodeAsync</secondary></indexterm>
<para><computeroutput>Task&lt; GeocodeResult?&gt; Guber.CoordinatesApi.Services.IGeocodingService.GeocodeAsync (string query, CancellationToken ct = <computeroutput>default</computeroutput>
)</computeroutput></para><para>
Implemented in <link linkend="_class_guber_1_1_coordinates_api_1_1_services_1_1_nominatim_geocoding_service_1abc069d5a0e82fdeefa98ed5cd5e85fa5">Guber.CoordinatesApi.Services.NominatimGeocodingService</link>.</para>
</section>
<para>
The documentation for this interface was generated from the following file:</para>
Guber.CoordinatesApi/Services/<link linkend="__service_abstractions_8cs">ServiceAbstractions.cs</link></section>
</section>
