<?xml version='1.0' encoding='UTF-8' standalone='no'?>
<section xmlns="http://docbook.org/ns/docbook" version="5.0" xmlns:xlink="http://www.w3.org/1999/xlink" xml:id="_interface_guber_1_1_coordinates_api_1_1_services_1_1_i_location_store" xml:lang="en-US">
<title>Guber.CoordinatesApi.Services.ILocationStore Interface Reference</title>
<indexterm><primary>Guber.CoordinatesApi.Services.ILocationStore</primary></indexterm>
<para>Inheritance diagram for Guber.CoordinatesApi.Services.ILocationStore:    <informalfigure>
        <mediaobject>
            <imageobject>
                <imagedata width="50%" align="center" valign="middle" scalefit="0" fileref="interface_guber_1_1_coordinates_api_1_1_services_1_1_i_location_store.png"></imagedata>
            </imageobject>
        </mediaobject>
    </informalfigure>
</para>
<simplesect>
    <title>Public Member Functions    </title>
        <itemizedlist>
            <listitem><para>void <link linkend="_interface_guber_1_1_coordinates_api_1_1_services_1_1_i_location_store_1ae7aaa2caef086355bfc1d4ab4531e310">Upsert</link> (string entityId, double lat, double lon, DateTimeOffset ts)</para>
</listitem>
            <listitem><para>LastLocationResponse? <link linkend="_interface_guber_1_1_coordinates_api_1_1_services_1_1_i_location_store_1aa539026260acbfe3a8a6dcbc5b4deb80">Get</link> (string entityId)</para>
</listitem>
        </itemizedlist>
</simplesect>
<section>
<title>Detailed Description</title>
<para>
Definition at line <link linkend="__service_abstractions_8cs_source_1l00020">20</link> of file <link linkend="__service_abstractions_8cs_source">ServiceAbstractions.cs</link>.</para>
</section>
<section>
<title>Member Function Documentation</title>
<anchor xml:id="_interface_guber_1_1_coordinates_api_1_1_services_1_1_i_location_store_1aa539026260acbfe3a8a6dcbc5b4deb80"/><section>
    <title>Get()</title>
<indexterm><primary>Get</primary><secondary>Guber.CoordinatesApi.Services.ILocationStore</secondary></indexterm>
<indexterm><primary>Guber.CoordinatesApi.Services.ILocationStore</primary><secondary>Get</secondary></indexterm>
<para><computeroutput>LastLocationResponse? Guber.CoordinatesApi.Services.ILocationStore.Get (string entityId)</computeroutput></para><para>
Implemented in <link linkend="_class_guber_1_1_coordinates_api_1_1_services_1_1_in_memory_location_store_1a0ae5a928a1e48d8caa9c52ead831ccc6">Guber.CoordinatesApi.Services.InMemoryLocationStore</link>.</para>
</section>
<anchor xml:id="_interface_guber_1_1_coordinates_api_1_1_services_1_1_i_location_store_1ae7aaa2caef086355bfc1d4ab4531e310"/><section>
    <title>Upsert()</title>
<indexterm><primary>Upsert</primary><secondary>Guber.CoordinatesApi.Services.ILocationStore</secondary></indexterm>
<indexterm><primary>Guber.CoordinatesApi.Services.ILocationStore</primary><secondary>Upsert</secondary></indexterm>
<para><computeroutput>void Guber.CoordinatesApi.Services.ILocationStore.Upsert (string entityId, double lat, double lon, DateTimeOffset ts)</computeroutput></para><para>
Implemented in <link linkend="_class_guber_1_1_coordinates_api_1_1_services_1_1_in_memory_location_store_1a0054491fed9ee14f84988de0e6d9f699">Guber.CoordinatesApi.Services.InMemoryLocationStore</link>.</para>
</section>
<para>
The documentation for this interface was generated from the following file:</para>
Guber.CoordinatesApi/Services/<link linkend="__service_abstractions_8cs">ServiceAbstractions.cs</link></section>
</section>
