<?xml version='1.0' encoding='UTF-8' standalone='no'?>
<section xmlns="http://docbook.org/ns/docbook" version="5.0" xmlns:xlink="http://www.w3.org/1999/xlink" xml:id="_md__c_h_a_n_g_e_l_o_g" xml:lang="en-US">
<title>
<para>Guber.CoordinatesApi – Sprint 2 Release Notes </para>
</title>
<indexterm><primary>Guber.CoordinatesApi – Sprint 2 Release Notes</primary></indexterm>

<para><anchor xml:id="_md__c_h_a_n_g_e_l_o_g_1autotoc_md0"/></para>

<para><emphasis role="bold">Version:</emphasis> v2.0-sprint2 <?linebreak?> <emphasis role="bold">Date:</emphasis> Oct 13 2025 <?linebreak?> <emphasis role="bold">Maintainer:</emphasis> Rishi Umaria <?linebreak?></para>

<para><informaltable frame='bottom'><tgroup cols='1'><colspec align='center'/><tbody><row><entry align='center'>
</entry></row></tbody></tgroup></informaltable>
</para>
<section xml:id="_md__c_h_a_n_g_e_l_o_g_1autotoc_md2">
<title>Added</title>
<para><itemizedlist>
<listitem>
<para><computeroutput>/api/estimate</computeroutput> endpoint combining geocode + route + fare <?linebreak?></para>
</listitem><listitem>
<para>Complete Docker &amp; Portainer stack deployment <?linebreak?></para>
</listitem><listitem>
<para>Live API xUnit regression test suite (5 passing tests) <?linebreak?></para>
</listitem><listitem>
<para>Wiki.js + Swagger integration <?linebreak?></para>
</listitem></itemizedlist>
</para>
</section>
<section xml:id="_md__c_h_a_n_g_e_l_o_g_1autotoc_md3">
<title>Improved</title>
<para><itemizedlist>
<listitem>
<para>Refactored service layer into <computeroutput>Services/</computeroutput> <?linebreak?></para>
</listitem><listitem>
<para>Better structured README and documentation <?linebreak?></para>
</listitem></itemizedlist>
</para>
</section>
<section xml:id="_md__c_h_a_n_g_e_l_o_g_1autotoc_md4">
<title>Known Issues</title>
<para><itemizedlist>
<listitem>
<para>In-memory storage (resets on restart) <?linebreak?></para>
</listitem><listitem>
<para>No authentication yet <?linebreak?></para>
</listitem><listitem>
<para>External OSRM service dependency (needs internet) <?linebreak?></para>
</listitem></itemizedlist>
</para>

<para><informaltable frame='bottom'><tgroup cols='1'><colspec align='center'/><tbody><row><entry align='center'>
</entry></row></tbody></tgroup></informaltable>
 </para>
</section>
</section>
