<?xml version='1.0' encoding='UTF-8' standalone='no'?>
<section xmlns="http://docbook.org/ns/docbook" version="5.0" xmlns:xlink="http://www.w3.org/1999/xlink" xml:id="_md__r_e_a_d_m_e" xml:lang="en-US">
<title>
<para>🧭 Guber – Coordinates &amp; Fare Calculation Module </para>
</title>
<indexterm><primary>🧭 Guber – Coordinates &amp; Fare Calculation Module</primary></indexterm>

<para><anchor xml:id="_md__r_e_a_d_m_e_1autotoc_md6"/></para>

<para>This module is part of the <emphasis role="bold"><link linkend="_namespace_guber">Guber</link> (Uber Clone)</emphasis> enterprise system. <?linebreak?> It handles:<itemizedlist>
<listitem>
<para>Address → Coordinates conversion (Geocoding)</para>
</listitem><listitem>
<para>Route calculation and distance estimation</para>
</listitem><listitem>
<para>Fare computation (<computeroutput>Base Fare + Per-Km Rate</computeroutput>)</para>
</listitem><listitem>
<para>Live driver/user location updates</para>
</listitem><listitem>
<para>Simple REST APIs for integration with other teams (UI, Driver Management, Payment)</para>
</listitem></itemizedlist>
</para>

<para>Built with <emphasis role="bold">C# (.NET 8)</emphasis> using <emphasis role="bold">OpenStreetMap (Nominatim)</emphasis> and <emphasis role="bold">OSRM</emphasis> routing.</para>

<para><informaltable frame='bottom'><tgroup cols='1'><colspec align='center'/><tbody><row><entry align='center'>
</entry></row></tbody></tgroup></informaltable>
</para>
<section xml:id="_md__r_e_a_d_m_e_1autotoc_md8">
<title>Getting Started</title><section xml:id="_md__r_e_a_d_m_e_1autotoc_md9">
<title>1 Prerequisites</title>
<para><itemizedlist>
<listitem>
<para><emphasis role="bold">.NET 8 SDK</emphasis> → <link xlink:href="https://dotnet.microsoft.com/download">download here</link></para>
</listitem><listitem>
<para>Any editor (Visual Studio 2022 or VS Code with C# Dev Kit)</para>
</listitem><listitem>
<para>Internet connection (for OSM/OSRM APIs)</para>
</listitem></itemizedlist>
</para>
</section>
<section xml:id="_md__r_e_a_d_m_e_1autotoc_md10">
<title>2 Clone the repository</title>
<para><literallayout><computeroutput>git&#32;clone&#32;https://github.com/R-umaria/guber-live-tracking/
cd&#32;guber-live-tracking/Guber.CoordinatesApi&#32;&#32;&#32;
</computeroutput></literallayout></para>
</section>
<section xml:id="_md__r_e_a_d_m_e_1autotoc_md11">
<title>3 Run the api</title>
<para><literallayout><computeroutput>bash
dotnet&#32;restore
dotnet&#32;run
</computeroutput></literallayout></para>

<para>Once started, you’ll see:</para>

<para>&quot;Now listening on: http://localhost:5157&quot;</para>

<para>Then open: <literallayout><computeroutput>://localhost:5157/swagger
</computeroutput></literallayout></para>
</section>
</section>
<section xml:id="_md__r_e_a_d_m_e_1autotoc_md12">
<title>API overview</title>
<para><informaltable frame="all">
    <tgroup cols="4" align="left" colsep="1" rowsep="1">
      <colspec colname='c1'/>
      <colspec colname='c2'/>
      <colspec colname='c3'/>
      <colspec colname='c4'/>
<thead>
      <row  class='markdownTableHead'>
<entry>
<para>Endpoint  </para>
</entry><entry>
<para>Method  </para>
</entry><entry>
<para>Description  </para>
</entry><entry>
<para>Example  </para>
</entry></row>
</thead><tbody>
      <row  class='markdownTableRowOdd'>
<entry>
<para><computeroutput>/health</computeroutput>  </para>
</entry><entry>
<para>GET  </para>
</entry><entry>
<para>Check if service is running  </para>
</entry><entry>
<para>✓  </para>
</entry></row>
      <row  class='markdownTableRowEven'>
<entry>
<para><computeroutput>/api/geocode</computeroutput>  </para>
</entry><entry>
<para>GET  </para>
</entry><entry>
<para>Convert address → lat/lon  </para>
</entry><entry>
<para><computeroutput>?query=Conestoga+College</computeroutput>  </para>
</entry></row>
      <row  class='markdownTableRowOdd'>
<entry>
<para><computeroutput>/api/route</computeroutput>  </para>
</entry><entry>
<para>POST  </para>
</entry><entry>
<para>Get route, distance, duration  </para>
</entry><entry>
<para><computeroutput>{ &quot;StartLat&quot;: 43.48, &quot;StartLon&quot;: -80.52, &quot;EndLat&quot;: 43.50, &quot;EndLon&quot;: -80.54 }</computeroutput>  </para>
</entry></row>
      <row  class='markdownTableRowEven'>
<entry>
<para><computeroutput>/api/fare</computeroutput>  </para>
</entry><entry>
<para>POST  </para>
</entry><entry>
<para>Compute fare  </para>
</entry><entry>
<para><computeroutput>{ &quot;DistanceKm&quot;: 2.4 }</computeroutput>  </para>
</entry></row>
      <row  class='markdownTableRowOdd'>
<entry>
<para><computeroutput>/api/liveLocation/driver</computeroutput>  </para>
</entry><entry>
<para>POST  </para>
</entry><entry>
<para>Update driver’s live location  </para>
</entry><entry>
<para><computeroutput>{ &quot;EntityId&quot;: &quot;D001&quot;, &quot;Lat&quot;: 43.49, &quot;Lon&quot;: -80.53 }</computeroutput>  </para>
</entry></row>
      <row  class='markdownTableRowEven'>
<entry>
<para><computeroutput>/api/liveLocation/user</computeroutput>  </para>
</entry><entry>
<para>POST  </para>
</entry><entry>
<para>Update user’s current location  </para>
</entry><entry>
<para><computeroutput>{ &quot;EntityId&quot;: &quot;U001&quot;, &quot;Lat&quot;: 43.48, &quot;Lon&quot;: -80.52 }</computeroutput>  </para>
</entry></row>
      <row  class='markdownTableRowOdd'>
<entry>
<para><computeroutput>/api/lastLocation</computeroutput>  </para>
</entry><entry>
<para>GET  </para>
</entry><entry>
<para>Get last known location  </para>
</entry><entry>
<para><computeroutput>?entityType=driver&amp;entityId=D001</computeroutput>  </para>
</entry></row>
      <row  class='markdownTableRowEven'>
<entry>
<para>Endpoint  </para>
</entry><entry>
<para>Method  </para>
</entry><entry>
<para>Description  </para>
</entry><entry>
<para>Example  </para>
</entry></row>
      <row  class='markdownTableRowOdd'>
<entry>
<para><computeroutput>/api/estimate</computeroutput>  </para>
</entry><entry>
<para>POST  </para>
</entry><entry>
<para><emphasis role="bold">Takes pickup &amp; destination addresses, returns geocoded route, distance, fare, and polyline</emphasis>  </para>
</entry><entry>
<para><computeroutput>{ &quot;pickupAddress&quot;: &quot;Conestoga College, Waterloo, ON&quot;, &quot;destinationAddress&quot;: &quot;Conestoga Mall, Waterloo, ON&quot; }</computeroutput>  </para>
</entry></row>
    </tbody>
    </tgroup>
</informaltable>
</para>
<section xml:id="_md__r_e_a_d_m_e_1autotoc_md13">
<title>Fare Formula</title>
<para>Fare = Base Fare ($4.25) + (Distance × $1.70/km)</para>

<para>Example: If distance = 2.4 km → $4.25 + (2.4 × 1.7) = $8.33\</para>
</section>
<section xml:id="_md__r_e_a_d_m_e_1autotoc_md14">
<title>Notes</title>
<para>Data is stored in-memory (resets when the app restarts).</para>

<para>Make sure to post at least one live location before fetching /api/lastLocation.</para>

<para>All responses are in JSON and visible in Swagger UI.</para>

<para>Works with other <link linkend="_namespace_guber">Guber</link> modules via REST.</para>
</section>
</section>
<section xml:id="_md__r_e_a_d_m_e_1autotoc_md15">
<title>Contributors</title><section xml:id="_md__r_e_a_d_m_e_1autotoc_md16">
<title>Coordinates &amp; Fare Module Team</title>
<para>Rishi Umaria </para>
</section>
</section>
</section>
