<?xml version='1.0' encoding='UTF-8' standalone='no'?>
<section xmlns="http://docbook.org/ns/docbook" version="5.0" xmlns:xlink="http://www.w3.org/1999/xlink" xml:id="_md_docs_2img_2index" xml:lang="en-US">
<title>
<para>Guber.CoordinatesApi </para>
</title>
<indexterm><primary>Guber.CoordinatesApi</primary></indexterm>

<para><anchor xml:id="_md_docs_2img_2index_1autotoc_md6"/></para>

<para>High-level overview of the API and how to run it.</para>

<para><itemizedlist>
<listitem>
<para><emphasis role="bold">Purpose:</emphasis> Simulate/serve coordinates &amp; routes in the KW area</para>
</listitem><listitem>
<para><emphasis role="bold">Key namespaces:</emphasis> <computeroutput><link linkend="_namespace_guber_1_1_coordinates_api_1_1_controllers">Guber.CoordinatesApi.Controllers</link></computeroutput>, <computeroutput><link linkend="_namespace_guber_1_1_coordinates_api_1_1_services">Guber.CoordinatesApi.Services</link></computeroutput></para>
</listitem><listitem>
<para><emphasis role="bold">Quick start:</emphasis><orderedlist>
<listitem>
<para><computeroutput>dotnet build</computeroutput></para>
</listitem><listitem>
<para><computeroutput>dotnet run</computeroutput></para>
</listitem><listitem>
<para>Browse API endpoints at <computeroutput><link xlink:href="http://localhost:">http://localhost:</link>&lt;port&gt;/swagger</computeroutput> (if enabled)</para>
</listitem></orderedlist>
</para>
</listitem></itemizedlist>
</para>
<section xml:id="_md_docs_2img_2index_1autotoc_md7">
<title>Directory layout</title>
<para><itemizedlist>
<listitem>
<para><computeroutput><link linkend="_namespace_guber_1_1_coordinates_api">Guber.CoordinatesApi</link>/</computeroutput> — source</para>
</listitem><listitem>
<para><computeroutput>docs/</computeroutput> — generated documentation output lives here </para>
</listitem></itemizedlist>
</para>
</section>
</section>
