<?xml version='1.0' encoding='UTF-8' standalone='no'?>
<section xmlns="http://docbook.org/ns/docbook" version="5.0" xmlns:xlink="http://www.w3.org/1999/xlink" xml:id="_namespace_coordinates_api" xml:lang="en-US">
<title>CoordinatesApi Namespace Reference</title>
<indexterm><primary>CoordinatesApi</primary></indexterm>
<simplesect>
    <title>Namespaces    </title>
        <itemizedlist>
            <listitem><para>namespace <link linkend="_namespace_coordinates_api_1_1_tests">Tests</link></para>
</listitem>
        </itemizedlist>
</simplesect>
</section>
