<?xml version='1.0' encoding='UTF-8' standalone='no'?>
<section xmlns="http://docbook.org/ns/docbook" version="5.0" xmlns:xlink="http://www.w3.org/1999/xlink" xml:id="_namespace_guber" xml:lang="en-US">
<title>Guber Namespace Reference</title>
<indexterm><primary>Guber</primary></indexterm>
<simplesect>
    <title>Namespaces    </title>
        <itemizedlist>
            <listitem><para>namespace <link linkend="_namespace_guber_1_1_coordinates_api">CoordinatesApi</link></para>
</listitem>
        </itemizedlist>
</simplesect>
</section>
