<?xml version='1.0' encoding='UTF-8' standalone='no'?>
<section xmlns="http://docbook.org/ns/docbook" version="5.0" xmlns:xlink="http://www.w3.org/1999/xlink" xml:id="_namespace_guber_1_1_coordinates_api_1_1_controllers" xml:lang="en-US">
<title>Guber.CoordinatesApi.Controllers Namespace Reference</title>
<indexterm><primary>Guber.CoordinatesApi.Controllers</primary></indexterm>
<simplesect>
    <title>Classes    </title>
        <itemizedlist>
            <listitem><para>class <link linkend="_class_guber_1_1_coordinates_api_1_1_controllers_1_1_estimate_controller">EstimateController</link></para>
</listitem>
            <listitem><para>class <link linkend="_class_guber_1_1_coordinates_api_1_1_controllers_1_1_fare_controller">FareController</link></para>
</listitem>
            <listitem><para>class <link linkend="_class_guber_1_1_coordinates_api_1_1_controllers_1_1_geocoding_controller">GeocodingController</link></para>
</listitem>
            <listitem><para>class <link linkend="_class_guber_1_1_coordinates_api_1_1_controllers_1_1_health_controller">HealthController</link></para>
</listitem>
            <listitem><para>class <link linkend="_class_guber_1_1_coordinates_api_1_1_controllers_1_1_live_location_controller">LiveLocationController</link></para>
</listitem>
            <listitem><para>class <link linkend="_class_guber_1_1_coordinates_api_1_1_controllers_1_1_routing_controller">RoutingController</link></para>
</listitem>
            <listitem><para>class <link linkend="_class_guber_1_1_coordinates_api_1_1_controllers_1_1_weather_forecast_controller">WeatherForecastController</link></para>
</listitem>
        </itemizedlist>
</simplesect>
</section>
