<?xml version='1.0' encoding='UTF-8' standalone='no'?>
<section xmlns="http://docbook.org/ns/docbook" version="5.0" xmlns:xlink="http://www.w3.org/1999/xlink" xml:id="_namespace_guber_1_1_coordinates_api_1_1_models" xml:lang="en-US">
<title>Guber.CoordinatesApi.Models Namespace Reference</title>
<indexterm><primary>Guber.CoordinatesApi.Models</primary></indexterm>
<simplesect>
    <title>Functions    </title>
        <itemizedlist>
            <listitem><para>record <link linkend="_namespace_guber_1_1_coordinates_api_1_1_models_1a87cc27209abf928eb7158399d4769aaf">GeocodeResult</link> (double Latitude, double Longitude, string DisplayName)</para>
</listitem>
            <listitem><para>record <link linkend="_namespace_guber_1_1_coordinates_api_1_1_models_1a1857adb7d55a2a6ff25a5357f51d0a4b">RouteRequest</link> (double StartLat, double StartLon, double EndLat, double EndLon)</para>
</listitem>
            <listitem><para>record <link linkend="_namespace_guber_1_1_coordinates_api_1_1_models_1ae640d449d327a90de571d0069ac416cc">RouteResponse</link> (double DistanceKm, double DurationMinutes, string Polyline)</para>
</listitem>
            <listitem><para>record <link linkend="_namespace_guber_1_1_coordinates_api_1_1_models_1a629a9f935efaed6851aa08ad1d61b79c">FareRequest</link> (double DistanceKm)</para>
</listitem>
            <listitem><para>record <link linkend="_namespace_guber_1_1_coordinates_api_1_1_models_1a749bec9ef0d05b2248050ceb52b983f7">FareResponse</link> (double BaseFare, double PerKm, double DistanceKm, double TotalFare)</para>
</listitem>
            <listitem><para>record <link linkend="_namespace_guber_1_1_coordinates_api_1_1_models_1a3dad1d195124851c6b137753700f09b1">LiveLocationUpdate</link> (string EntityId, double Lat, double Lon, DateTimeOffset Timestamp)</para>
</listitem>
            <listitem><para>record <link linkend="_namespace_guber_1_1_coordinates_api_1_1_models_1a7e75dcae12eb5d75a981e177a5e38e3b">LastLocationResponse</link> (string EntityId, double Lat, double Lon, DateTimeOffset Timestamp)</para>
</listitem>
            <listitem><para>record <link linkend="_namespace_guber_1_1_coordinates_api_1_1_models_1a373d8383d699b36425e5ff1427191e84">EstimateRequest</link> (string PickupAddress, string DestinationAddress)</para>
</listitem>
            <listitem><para>record <link linkend="_namespace_guber_1_1_coordinates_api_1_1_models_1a29c46bc321f7a18764888b8acd2bcf2e">EstimateResponse</link> (string PickupAddress, string DestinationAddress, double PickupLat, double PickupLon, double DestinationLat, double DestinationLon, double DistanceKm, double DurationMinutes, double Fare, string Polyline)</para>
</listitem>
        </itemizedlist>
</simplesect>
<section>
<title>Function Documentation</title>
<anchor xml:id="_namespace_guber_1_1_coordinates_api_1_1_models_1a373d8383d699b36425e5ff1427191e84"/><section>
    <title>EstimateRequest()</title>
<indexterm><primary>EstimateRequest</primary><secondary>Guber.CoordinatesApi.Models</secondary></indexterm>
<indexterm><primary>Guber.CoordinatesApi.Models</primary><secondary>EstimateRequest</secondary></indexterm>
<para><computeroutput>record Guber.CoordinatesApi.Models.EstimateRequest (string PickupAddress, string DestinationAddress)</computeroutput></para></section>
<anchor xml:id="_namespace_guber_1_1_coordinates_api_1_1_models_1a29c46bc321f7a18764888b8acd2bcf2e"/><section>
    <title>EstimateResponse()</title>
<indexterm><primary>EstimateResponse</primary><secondary>Guber.CoordinatesApi.Models</secondary></indexterm>
<indexterm><primary>Guber.CoordinatesApi.Models</primary><secondary>EstimateResponse</secondary></indexterm>
<para><computeroutput>record Guber.CoordinatesApi.Models.EstimateResponse (string PickupAddress, string DestinationAddress, double PickupLat, double PickupLon, double DestinationLat, double DestinationLon, double DistanceKm, double DurationMinutes, double Fare, string Polyline)</computeroutput></para></section>
<anchor xml:id="_namespace_guber_1_1_coordinates_api_1_1_models_1a629a9f935efaed6851aa08ad1d61b79c"/><section>
    <title>FareRequest()</title>
<indexterm><primary>FareRequest</primary><secondary>Guber.CoordinatesApi.Models</secondary></indexterm>
<indexterm><primary>Guber.CoordinatesApi.Models</primary><secondary>FareRequest</secondary></indexterm>
<para><computeroutput>record Guber.CoordinatesApi.Models.FareRequest (double DistanceKm)</computeroutput></para></section>
<anchor xml:id="_namespace_guber_1_1_coordinates_api_1_1_models_1a749bec9ef0d05b2248050ceb52b983f7"/><section>
    <title>FareResponse()</title>
<indexterm><primary>FareResponse</primary><secondary>Guber.CoordinatesApi.Models</secondary></indexterm>
<indexterm><primary>Guber.CoordinatesApi.Models</primary><secondary>FareResponse</secondary></indexterm>
<para><computeroutput>record Guber.CoordinatesApi.Models.FareResponse (double BaseFare, double PerKm, double DistanceKm, double TotalFare)</computeroutput></para></section>
<anchor xml:id="_namespace_guber_1_1_coordinates_api_1_1_models_1a87cc27209abf928eb7158399d4769aaf"/><section>
    <title>GeocodeResult()</title>
<indexterm><primary>GeocodeResult</primary><secondary>Guber.CoordinatesApi.Models</secondary></indexterm>
<indexterm><primary>Guber.CoordinatesApi.Models</primary><secondary>GeocodeResult</secondary></indexterm>
<para><computeroutput>record Guber.CoordinatesApi.Models.GeocodeResult (double Latitude, double Longitude, string DisplayName)</computeroutput></para></section>
<anchor xml:id="_namespace_guber_1_1_coordinates_api_1_1_models_1a7e75dcae12eb5d75a981e177a5e38e3b"/><section>
    <title>LastLocationResponse()</title>
<indexterm><primary>LastLocationResponse</primary><secondary>Guber.CoordinatesApi.Models</secondary></indexterm>
<indexterm><primary>Guber.CoordinatesApi.Models</primary><secondary>LastLocationResponse</secondary></indexterm>
<para><computeroutput>record Guber.CoordinatesApi.Models.LastLocationResponse (string EntityId, double Lat, double Lon, DateTimeOffset Timestamp)</computeroutput></para></section>
<anchor xml:id="_namespace_guber_1_1_coordinates_api_1_1_models_1a3dad1d195124851c6b137753700f09b1"/><section>
    <title>LiveLocationUpdate()</title>
<indexterm><primary>LiveLocationUpdate</primary><secondary>Guber.CoordinatesApi.Models</secondary></indexterm>
<indexterm><primary>Guber.CoordinatesApi.Models</primary><secondary>LiveLocationUpdate</secondary></indexterm>
<para><computeroutput>record Guber.CoordinatesApi.Models.LiveLocationUpdate (string EntityId, double Lat, double Lon, DateTimeOffset Timestamp)</computeroutput></para></section>
<anchor xml:id="_namespace_guber_1_1_coordinates_api_1_1_models_1a1857adb7d55a2a6ff25a5357f51d0a4b"/><section>
    <title>RouteRequest()</title>
<indexterm><primary>RouteRequest</primary><secondary>Guber.CoordinatesApi.Models</secondary></indexterm>
<indexterm><primary>Guber.CoordinatesApi.Models</primary><secondary>RouteRequest</secondary></indexterm>
<para><computeroutput>record Guber.CoordinatesApi.Models.RouteRequest (double StartLat, double StartLon, double EndLat, double EndLon)</computeroutput></para></section>
<anchor xml:id="_namespace_guber_1_1_coordinates_api_1_1_models_1ae640d449d327a90de571d0069ac416cc"/><section>
    <title>RouteResponse()</title>
<indexterm><primary>RouteResponse</primary><secondary>Guber.CoordinatesApi.Models</secondary></indexterm>
<indexterm><primary>Guber.CoordinatesApi.Models</primary><secondary>RouteResponse</secondary></indexterm>
<para><computeroutput>record Guber.CoordinatesApi.Models.RouteResponse (double DistanceKm, double DurationMinutes, string Polyline)</computeroutput></para></section>
</section>
</section>
