<?xml version='1.0' encoding='UTF-8' standalone='no'?>
<section xmlns="http://docbook.org/ns/docbook" version="5.0" xmlns:xlink="http://www.w3.org/1999/xlink" xml:id="_namespace_guber_1_1_coordinates_api_1_1_services" xml:lang="en-US">
<title>Guber.CoordinatesApi.Services Namespace Reference</title>
<indexterm><primary>Guber.CoordinatesApi.Services</primary></indexterm>
<simplesect>
    <title>Classes    </title>
        <itemizedlist>
            <listitem><para>class <link linkend="_class_guber_1_1_coordinates_api_1_1_services_1_1_estimate_service">EstimateService</link></para>
</listitem>
            <listitem><para>class <link linkend="_class_guber_1_1_coordinates_api_1_1_services_1_1_fare_service">FareService</link></para>
</listitem>
            <listitem><para>interface <link linkend="_interface_guber_1_1_coordinates_api_1_1_services_1_1_i_estimate_service">IEstimateService</link></para>
</listitem>
            <listitem><para>interface <link linkend="_interface_guber_1_1_coordinates_api_1_1_services_1_1_i_fare_service">IFareService</link></para>
</listitem>
            <listitem><para>interface <link linkend="_interface_guber_1_1_coordinates_api_1_1_services_1_1_i_geocoding_service">IGeocodingService</link></para>
</listitem>
            <listitem><para>interface <link linkend="_interface_guber_1_1_coordinates_api_1_1_services_1_1_i_location_store">ILocationStore</link></para>
</listitem>
            <listitem><para>class <link linkend="_class_guber_1_1_coordinates_api_1_1_services_1_1_in_memory_location_store">InMemoryLocationStore</link></para>
</listitem>
            <listitem><para>interface <link linkend="_interface_guber_1_1_coordinates_api_1_1_services_1_1_i_routing_service">IRoutingService</link></para>
</listitem>
            <listitem><para>class <link linkend="_class_guber_1_1_coordinates_api_1_1_services_1_1_nominatim_geocoding_service">NominatimGeocodingService</link></para>
</listitem>
            <listitem><para>class <link linkend="_class_guber_1_1_coordinates_api_1_1_services_1_1_osrm_routing_service">OsrmRoutingService</link></para>
</listitem>
        </itemizedlist>
</simplesect>
</section>
