<?xml version='1.0' encoding='UTF-8' standalone='no'?>
<section xmlns="http://docbook.org/ns/docbook" version="5.0" xmlns:xlink="http://www.w3.org/1999/xlink" xml:id="_namespace_guber_1_1_coordinates_api" xml:lang="en-US">
<title>Guber.CoordinatesApi Namespace Reference</title>
<indexterm><primary>Guber.CoordinatesApi</primary></indexterm>
<simplesect>
    <title>Namespaces    </title>
        <itemizedlist>
            <listitem><para>namespace <link linkend="_namespace_guber_1_1_coordinates_api_1_1_controllers">Controllers</link></para>
</listitem>
            <listitem><para>namespace <link linkend="_namespace_guber_1_1_coordinates_api_1_1_models">Models</link></para>
</listitem>
            <listitem><para>namespace <link linkend="_namespace_guber_1_1_coordinates_api_1_1_services">Services</link></para>
</listitem>
        </itemizedlist>
</simplesect>
<simplesect>
    <title>Classes    </title>
        <itemizedlist>
            <listitem><para>class <link linkend="_class_guber_1_1_coordinates_api_1_1_weather_forecast">WeatherForecast</link></para>
</listitem>
        </itemizedlist>
</simplesect>
</section>
